id,current_age,retirement_age,gender,per_capita_income,yearly_income,total_debt,credit_score,num_credit_cards
825,53,66,Female,29278,59696,127613,787,5
1746,53,68,Female,37891,77254,191349,701,5
1718,81,67,Female,22681,33483,196,698,5
708,63,63,Female,163145,249925,202328,722,4
1164,43,70,Male,53797,109687,183855,675,1
68,42,70,Male,20599,41997,0,704,3
1075,36,67,Female,25258,51500,102286,672,3
1711,26,67,Male,26790,54623,114711,728,1
1116,81,66,Female,26273,42509,2895,755,5
1752,34,60,Female,18730,38190,81262,810,1
192,27,66,Male,27548,56164,15224,761,2
640,29,63,Female,22427,45727,94016,629,1
1679,18,67,Female,33914,69149,89214,776,1
1094,34,62,Male,20325,41442,78833,712,3
1590,48,62,Female,10059,20513,32509,599,1
1660,41,68,Female,11342,23123,5079,723,6
1747,54,71,Male,17898,36497,38333,719,6
153,76,71,Female,21950,27484,16803,660,4
429,22,68,Male,26481,53995,89056,683,3
511,66,68,Male,17460,35602,55369,661,5
309,28,57,Male,12321,25122,43205,819,3
777,18,65,Male,106305,216740,0,700,2
1946,76,66,Male,19524,41109,21486,698,2
1674,70,64,Male,14172,26858,11245,712,2
482,45,65,Male,17131,34929,63849,714,1
877,36,63,Female,16829,34317,61826,610,3
128,40,66,Female,15389,31377,59615,722,2
775,37,58,Male,21402,43638,104052,627,1
1536,41,67,Male,15955,32531,38260,766,2
140,37,72,Female,20657,42120,72801,739,4
1884,18,64,Male,28092,57281,89114,850,1
1874,49,66,Male,18828,38390,87923,783,4
1310,33,69,Female,17498,35670,58182,751,2
1689,21,66,Female,30281,61746,154817,637,2
379,47,65,Female,21331,43496,114563,765,3
34,41,55,Male,25431,51854,72162,737,2
822,51,68,Female,16942,34540,22641,793,5
1499,46,62,Male,20248,41287,88151,662,1
1780,46,70,Male,18663,38054,63293,666,1
1806,59,62,Female,39418,80371,108499,822,1
811,91,68,Female,51642,84694,2149,741,7
1844,79,72,Male,23608,37503,14272,706,5
1852,57,75,Male,32056,65357,21844,685,4
1231,26,52,Female,10819,22066,38967,842,1
970,42,66,Male,21916,44681,42011,770,3
381,26,69,Male,25163,51306,68198,675,1
1134,18,59,Female,12677,25847,46379,568,1
1296,60,64,Female,22896,46683,93126,788,5
1880,61,66,Male,15487,31579,52419,771,3
322,47,65,Male,13759,28055,12475,829,3
461,42,68,Female,32078,65403,80057,784,4
1165,55,73,Female,13522,27572,59404,797,1
1448,48,70,Female,18899,38539,0,850,3
1288,41,57,Female,18666,38059,68220,634,2
1178,59,68,Female,25872,52754,38191,693,5
1391,45,59,Male,25109,51196,67164,631,4
838,26,70,Male,24382,49713,91776,763,1
54,21,68,Female,21660,44160,134173,696,3
1452,46,59,Female,95039,193773,241571,660,1
1602,41,66,Female,14650,29864,44902,717,2
1938,22,67,Male,28135,57367,115418,795,2
1492,63,58,Female,32697,56635,13015,786,8
688,44,67,Male,23165,47227,151030,760,4
749,22,68,Male,12051,24574,80667,674,3
643,29,65,Female,21283,43397,42168,697,2
1219,28,72,Female,28497,58105,70254,688,3
1198,82,67,Male,15092,10869,1820,820,2
898,90,66,Female,12427,19893,1712,566,3
882,63,65,Male,18019,36743,71719,612,2
348,49,70,Female,22747,46377,79980,719,3
633,36,69,Female,24611,50179,110515,743,1
1493,30,65,Male,26748,54537,121987,765,4
1161,23,66,Male,24155,49255,6557,823,2
217,42,65,Male,15221,31031,21853,744,7
1877,65,66,Male,34659,70673,87605,714,4
668,87,57,Female,13263,16342,1758,747,5
533,22,65,Male,15183,30961,42597,677,1
203,58,67,Female,14864,30305,23392,776,3
1738,30,68,Male,33736,68784,198417,696,4
713,25,71,Female,17040,34745,26503,691,4
1631,18,67,Female,31741,64715,174664,740,3
1487,59,69,Female,39464,80464,76261,727,3
1265,18,67,Female,24400,49748,23161,748,1
370,61,58,Male,16113,41904,12545,655,4
1014,54,70,Female,96516,196784,437533,729,3
290,27,66,Female,49458,100837,61377,687,2
985,32,65,Male,25334,51654,95454,600,4
135,64,69,Female,18680,38088,51679,691,2
307,18,69,Male,18082,36866,0,680,2
1783,52,70,Male,18443,37607,63689,749,5
1321,49,66,Female,16910,34480,58795,696,1
1511,43,66,Male,23680,48279,114254,719,2
900,36,65,Male,16133,32896,69800,735,2
953,18,71,Male,14667,29909,42832,664,2
233,37,64,Female,23278,47464,83591,716,1
406,23,64,Female,41750,85128,108678,641,1
1069,54,69,Male,22487,45852,114746,615,2
180,33,67,Female,13024,26556,43042,840,2
996,63,67,Female,19712,40194,107765,738,6
1866,22,67,Male,30475,62135,75209,676,2
1981,48,65,Male,19274,39303,23650,702,7
870,63,64,Female,35114,71593,132181,821,3
16,75,67,Male,15451,22158,19101,681,5
46,62,66,Male,26481,53996,98211,632,4
800,28,73,Female,12766,26025,23971,723,4
1968,25,69,Female,31299,63816,100128,775,1
697,56,73,Female,32485,66230,90248,742,3
1269,56,56,Male,25365,36335,28929,676,2
1782,59,61,Female,19438,39633,58586,777,3
1977,43,69,Female,28048,57185,0,773,3
1734,37,69,Male,40530,82637,84762,739,2
1913,60,57,Female,34259,31121,32768,619,5
858,47,67,Male,15092,30774,51428,700,3
606,48,67,Male,16300,33236,57549,747,1
1564,35,65,Male,18613,37947,49951,683,3
1109,24,65,Male,21518,43875,128146,639,1
1301,26,66,Female,30335,61850,81158,728,9
1399,28,71,Male,19770,40314,131348,707,4
1775,26,67,Male,18622,37968,55982,788,3
1673,41,67,Male,17145,34954,45456,772,3
1957,40,74,Male,47055,95945,222735,772,2
1033,18,58,Female,16598,33844,42109,684,2
1024,66,67,Male,32162,65573,143069,739,4
1441,40,66,Male,23840,48609,43520,737,3
1103,45,70,Female,12618,25723,34007,746,3
431,19,72,Female,25495,51984,79152,691,3
165,34,65,Male,52813,107683,225017,694,3
353,24,69,Female,16109,32847,33514,721,2
1758,57,66,Male,11061,22556,43260,645,4
1266,35,54,Female,22590,46063,106528,618,1
1943,19,65,Female,46762,95348,71972,706,3
792,28,65,Female,22158,45180,13168,698,2
1055,37,69,Male,15137,30865,55079,594,1
1159,20,69,Male,20377,41543,49021,732,4
1115,53,73,Male,14811,30198,40950,693,6
38,45,64,Female,19621,40006,72794,621,1
1027,53,68,Male,30232,61646,0,693,3
11,39,67,Female,33175,67643,0,714,6
871,86,71,Female,13820,22650,0,690,6
746,63,67,Male,14856,30288,42745,689,4
1520,67,65,Male,22549,47213,1082,789,5
1372,76,66,Female,15005,28215,18116,697,2
1799,32,55,Male,51751,105515,192458,646,4
1905,36,68,Male,13972,28489,6087,808,4
130,63,69,Female,39752,81048,156195,781,4
1990,19,62,Female,23180,47263,74853,726,2
593,19,71,Male,16585,33816,77770,635,1
540,25,69,Female,15770,32160,62803,634,1
1155,83,65,Female,15462,29494,1196,689,5
663,68,63,Female,36563,70554,39078,655,5
1987,63,62,Male,23098,33686,24997,488,2
1484,92,72,Female,30818,57732,2261,726,6
417,21,65,Male,10730,21879,69638,762,1
298,28,65,Male,25031,51041,106989,686,1
306,18,69,Male,34519,70380,106797,725,2
607,25,64,Male,20902,42617,67590,771,5
1769,75,65,Male,21861,46031,8332,661,5
698,55,66,Female,31927,65094,23909,699,3
896,27,65,Female,18278,37268,50388,626,1
1975,53,67,Female,19114,38972,44098,738,3
645,63,64,Female,13075,26661,42667,750,5
227,48,66,Male,40364,82295,1555,736,4
84,47,68,Male,12630,25748,41455,738,3
1684,56,65,Male,13668,27861,108313,782,5
745,18,72,Male,23820,48561,0,752,1
1508,66,69,Female,19125,38999,64875,747,4
1158,62,66,Male,16239,33112,56040,716,2
1427,34,66,Female,49477,100880,210445,770,1
352,22,65,Male,18175,37058,50548,680,2
1948,24,58,Male,23166,47234,89154,685,3
724,45,72,Female,17237,35142,107898,731,4
543,43,65,Female,15069,30721,49961,749,3
1559,56,67,Female,28862,58846,126806,746,3
1199,29,68,Male,19161,39069,63884,720,2
1745,20,65,Female,24252,49449,30723,728,3
1950,39,73,Female,10942,22312,39445,720,5
1397,32,72,Male,17845,36388,92949,710,4
873,52,68,Female,22086,45037,31792,710,3
1728,47,63,Female,18937,38615,74337,601,4
299,40,61,Male,13845,28229,55675,622,5
1742,58,67,Female,24638,50232,1218,751,4
1004,59,66,Male,16847,34350,61639,705,3
301,47,69,Male,25654,52308,135319,679,1
1011,27,66,Female,15724,32061,58904,676,1
906,75,69,Male,21749,21154,5764,705,6
110,52,72,Female,25594,52186,42852,737,4
1073,43,70,Female,17294,35264,70328,770,2
705,84,71,Female,42234,79870,4031,609,2
820,70,59,Female,26762,41902,29713,633,5
1188,24,61,Female,31374,63969,128412,626,1
1128,47,68,Male,16976,34606,23909,680,5
1479,32,60,Male,13059,26631,33950,805,1
1594,39,64,Male,17645,35978,49366,643,3
1485,64,69,Male,24402,49756,89743,618,4
1390,37,71,Male,29868,60897,85771,850,3
644,58,65,Female,20581,41963,53857,741,1
1912,37,60,Female,22059,44976,134335,684,1
1584,27,69,Male,22922,46733,34333,692,2
1803,26,60,Female,23129,47160,64193,578,1
1824,23,65,Male,24737,50433,97029,838,3
340,20,63,Male,25363,51713,86165,809,1
650,45,65,Male,11876,24215,28552,707,6
762,49,59,Male,18293,37298,52134,683,1
1061,25,67,Male,19844,40457,68826,739,1
1931,58,72,Male,40694,82974,181429,503,2
702,46,68,Female,34873,71103,136853,721,4
918,43,75,Female,14320,29194,10895,703,2
1137,52,67,Male,16410,33465,98713,669,3
66,20,71,Female,15361,31314,40331,721,4
1406,36,68,Male,11633,23718,1386,712,2
437,46,66,Female,35645,72670,28915,718,3
806,24,67,Female,38243,77972,6128,686,3
891,38,66,Female,17093,34854,40722,746,5
1191,25,69,Female,18098,36902,60538,711,1
701,28,59,Female,26476,53984,76118,701,1
1147,80,69,Male,46827,104692,6955,704,2
1625,24,66,Female,49629,101191,290730,659,1
1664,38,66,Male,34119,69566,50003,791,4
1273,21,71,Male,24223,49382,43126,762,1
1009,41,65,Female,14093,28733,0,702,3
1341,87,72,Male,19914,30349,2985,686,4
925,31,68,Male,28710,58538,93153,610,1
824,32,66,Female,18100,36901,23293,695,4
563,70,65,Male,24725,49531,6707,737,6
1612,68,66,Male,20649,35370,14777,562,1
1700,45,62,Female,18962,38666,116783,822,1
963,24,70,Female,20458,41714,54541,687,3
904,32,66,Male,12018,24505,52405,759,1
1586,43,65,Male,27778,56640,104134,672,4
1286,53,67,Female,30202,61578,85383,602,2
719,53,66,Female,24589,50139,109623,767,3
1469,21,68,Male,16990,34646,54205,759,1
930,22,65,Male,12274,25024,29227,691,2
1814,41,68,Female,16114,32856,26535,703,3
1723,41,66,Female,17696,36080,80443,839,3
1377,32,68,Female,14535,29637,56446,569,3
470,56,65,Male,14004,28553,94214,747,3
1804,18,65,Male,21335,43499,108468,701,4
229,35,57,Female,29059,59248,173887,725,5
1512,44,65,Male,32865,67008,81402,778,8
1543,31,68,Female,51976,105963,106266,684,4
147,30,66,Male,27653,56383,130152,800,4
1941,38,78,Male,18934,38609,27463,740,3
901,48,66,Male,17987,36671,39882,850,3
191,28,65,Male,19550,39860,112825,728,1
12,18,63,Female,18531,37785,58187,748,1
1828,50,68,Male,0,2466,5521,711,2
29,68,60,Female,18682,27358,13557,665,2
181,26,65,Female,25025,51024,181184,602,1
995,40,64,Female,49868,101679,307856,592,1
1218,20,71,Male,13632,27801,0,754,1
186,61,69,Female,18897,38536,72299,705,1
171,43,70,Female,24314,49577,142314,694,3
1401,24,71,Male,17985,36672,49660,739,2
1314,43,70,Male,19325,39404,71859,723,5
1560,61,60,Female,18849,18452,16827,741,6
613,39,69,Female,27741,56562,111495,712,4
346,90,74,Female,25249,48580,1785,687,7
812,41,67,Female,20338,41469,119423,659,1
13,52,61,Female,15879,32378,65919,588,4
602,57,67,Male,16888,34437,0,681,4
657,83,68,Female,20697,33897,533,705,4
909,38,64,Male,24044,49023,66148,583,5
183,24,65,Female,18937,38609,39867,798,3
1792,18,68,Female,15062,30712,38054,723,2
1599,22,68,Male,16011,32645,59851,790,3
1267,81,65,Female,28248,31912,2182,630,4
411,30,67,Male,18401,37521,65701,775,2
350,62,70,Female,28673,58463,141151,737,4
1323,36,68,Female,15407,31414,42233,719,4
934,32,63,Female,20159,41106,106963,762,3
421,53,67,Female,22502,45876,58252,790,7
223,37,67,Female,28760,58637,87340,803,6
1402,35,63,Male,47364,96574,265319,590,3
1650,18,67,Male,21642,44128,142368,687,3
354,77,72,Female,22185,31942,11845,713,6
314,27,66,Male,28410,57927,87736,557,1
1457,20,66,Male,22425,45725,102164,688,4
1613,39,65,Male,21647,44134,0,792,4
945,19,66,Male,27748,56579,79726,705,2
586,37,63,Male,22983,46864,58954,751,4
119,44,67,Female,27761,56605,87970,624,3
1312,31,66,Female,25115,51209,76900,765,1
1529,51,69,Male,37424,76305,112785,692,3
326,18,61,Male,30076,61325,83899,652,1
1596,42,69,Male,15583,31772,17286,734,4
714,61,67,Female,35992,73383,155191,760,2
887,55,66,Male,26137,53287,51026,816,4
1425,88,67,Female,19115,19225,1644,809,8
1645,62,65,Female,29692,60541,160456,716,3
1863,44,61,Female,21639,44124,107162,850,1
1576,88,65,Female,24578,36764,839,712,8
1268,47,63,Male,14516,29597,44388,513,4
1565,37,66,Female,18959,38656,47523,584,1
1842,45,64,Male,15385,31373,58481,637,2
664,22,68,Female,16519,33681,78326,697,2
485,39,64,Male,18740,38211,84427,665,2
244,40,62,Female,13144,26802,43444,638,2
145,58,65,Female,12427,25334,182,696,3
866,34,67,Male,30361,61904,125358,639,3
1424,101,68,Female,13086,15348,1396,761,4
427,44,66,Female,15955,32527,74331,705,3
684,51,63,Male,21661,44170,90049,661,7
1643,28,64,Female,22599,46077,101450,686,1
1300,58,66,Male,11324,23092,20545,752,4
283,19,69,Male,15064,30710,30956,680,2
355,22,62,Female,19856,40491,81879,691,2
1669,44,62,Male,25234,51454,151162,698,4
937,47,63,Female,46169,94133,189899,603,1
845,58,72,Male,18005,36710,116794,786,5
1518,62,70,Male,18533,37785,81500,745,3
1591,58,66,Female,16537,33717,58236,698,6
1172,50,64,Male,14709,29994,100834,769,1
1629,42,63,Female,14430,29422,58679,598,1
675,40,67,Male,17405,35489,91995,724,5
577,28,65,Female,16238,33106,108695,763,2
854,26,65,Female,29281,59699,71110,688,1
1261,58,70,Male,33737,68787,171854,527,1
1227,65,67,Female,33031,67344,7049,804,4
840,68,64,Female,51692,88432,63075,694,6
733,36,68,Male,26061,53138,153374,606,4
454,88,65,Female,22214,38523,49,751,5
961,76,63,Male,34909,26660,28332,721,4
768,53,67,Female,34043,69412,177225,620,1
817,26,67,Male,32314,65888,162364,803,2
78,37,63,Male,12362,25205,65179,688,1
1334,38,65,Female,19433,39627,47793,718,4
1610,42,66,Female,13717,27967,50159,690,2
108,50,68,Female,18709,38142,0,768,4
1308,36,67,Female,28919,58964,71890,619,1
780,74,66,Male,56720,58378,73124,652,1
1340,53,68,Male,26420,53872,64269,691,5
1888,75,59,Female,28429,41513,15899,748,3
247,49,69,Female,26772,54587,69070,761,6
238,22,62,Male,20400,41595,54451,675,1
915,44,64,Male,22047,44953,97076,728,1
1927,28,65,Male,17264,35199,68569,739,2
1658,28,59,Female,13891,28324,62363,695,2
1208,38,72,Male,16375,33387,69066,526,3
1255,24,67,Male,15209,31006,71031,681,2
85,29,60,Male,16006,32636,42290,782,1
1382,58,65,Male,12693,25883,44404,706,4
1932,26,60,Female,9352,19069,23153,658,1
1217,59,66,Female,22070,44992,53368,785,3
514,58,72,Male,15840,32295,72357,698,4
232,57,66,Female,33919,69159,135111,786,3
445,42,59,Female,6201,12643,19299,645,1
1206,34,65,Female,42685,87030,161964,727,3
1276,82,66,Female,25365,41793,1141,730,5
875,39,71,Male,20553,41907,87163,728,4
1546,48,61,Male,19781,40336,144284,668,4
422,19,62,Female,15539,31683,46987,817,4
519,57,67,Female,19377,39508,18870,770,4
1408,42,67,Male,12189,24859,43986,683,2
1204,42,67,Male,34059,69440,129944,743,3
276,25,70,Male,10626,21666,38058,610,2
1133,30,66,Female,22855,46599,12700,684,4
1035,22,71,Male,24781,50525,118160,701,2
710,60,68,Female,25698,52397,72810,729,3
582,53,63,Male,19236,39222,66559,583,3
821,73,60,Male,12434,18015,10463,645,2
1352,65,64,Female,20035,42102,9645,672,3
831,36,66,Male,18302,37316,37515,726,2
936,18,67,Female,20460,41717,27174,718,5
578,75,71,Male,14920,20797,10127,777,1
1997,76,69,Male,39155,38800,25867,758,7
258,51,68,Male,14528,29622,17385,694,3
851,88,65,Female,19620,31399,2528,757,4
1951,48,66,Female,31075,63355,0,708,5
1978,19,71,Female,15299,31197,84749,844,2
1897,38,67,Male,51032,104049,247623,741,2
972,35,69,Male,24608,50177,101323,681,4
1010,40,64,Female,16843,34344,48931,548,1
1243,31,72,Female,17110,34884,26799,705,5
1976,33,69,Female,27906,56897,0,699,5
91,38,72,Female,35630,72647,90579,739,1
1606,49,66,Male,25381,51755,88605,806,1
1201,60,66,Male,56632,115465,195657,715,4
1887,18,70,Male,17522,35731,71825,503,2
195,18,70,Female,31847,64936,107755,688,2
874,24,68,Male,30757,62711,68777,798,3
1317,41,68,Female,15157,30910,42507,749,4
1311,27,71,Male,21219,43264,89798,729,1
785,18,67,Male,23990,48909,71310,740,2
662,32,71,Female,42028,85694,120733,822,2
847,81,68,Female,18585,27864,1371,591,6
685,21,68,Male,21828,44513,105303,778,6
617,27,69,Female,28459,58026,133169,691,1
23,18,70,Female,31193,63600,102773,645,1
339,19,75,Female,15597,31797,5400,843,2
280,40,66,Female,21869,44585,81825,684,5
1473,51,67,Female,20316,41427,53773,850,3
65,51,72,Female,16928,34517,74143,645,2
1353,50,65,Female,21232,43294,104521,816,7
736,27,66,Female,30072,61317,0,741,3
1670,68,65,Male,32079,50184,27778,732,4
1776,47,75,Male,21156,43133,44263,693,3
1474,23,65,Female,21757,44361,71031,705,1
951,57,66,Female,13075,26664,12241,709,4
1818,85,65,Female,29485,41843,1741,500,3
1450,22,70,Male,24500,49952,95184,780,1
1524,26,60,Male,48986,99883,171034,732,1
1789,40,65,Female,18898,38527,36933,684,2
767,32,63,Female,18013,36729,48624,686,3
678,63,67,Female,14456,29477,56355,850,4
471,52,65,Male,35137,71645,155006,629,3
757,62,65,Female,22674,46232,68957,691,4
1724,20,66,Female,18036,36775,102641,850,3
1603,41,65,Male,19036,38812,16331,762,4
224,20,67,Female,19682,40130,55801,798,1
808,38,66,Female,17679,36045,0,683,3
1326,52,73,Female,32610,66489,83828,731,2
158,31,72,Female,20343,41475,0,747,2
1928,56,68,Male,27308,55682,82696,750,4
1575,51,68,Female,28272,57646,127892,724,4
1608,19,68,Female,19399,39556,132573,572,1
1455,36,67,Male,16838,34330,15223,713,4
1916,82,71,Male,15069,10142,1809,767,7
1617,30,60,Male,37697,76867,118029,659,1
143,22,68,Female,25689,52379,107734,771,3
1176,39,64,Male,28126,57348,119230,527,3
1194,49,70,Male,18658,38041,27813,782,4
423,28,70,Female,26023,53053,42396,696,2
580,35,65,Male,18077,36857,3112,768,3
4,54,72,Female,37485,76431,115362,716,5
530,78,68,Male,14709,18100,0,682,6
1826,45,61,Female,8155,16628,33926,654,1
595,79,66,Male,18100,29041,4427,699,4
1022,47,64,Female,17595,35876,50190,635,3
1108,19,67,Male,40216,81995,133788,685,2
246,50,70,Female,40364,82298,0,791,4
270,30,62,Male,30367,61916,165886,655,4
1945,56,70,Female,14736,30042,9208,727,4
1540,55,61,Female,21992,44839,63194,625,3
1149,25,74,Male,29740,60638,132252,661,1
1438,26,64,Female,14737,30049,80474,700,1
409,54,65,Female,14568,29699,6569,711,3
694,29,66,Male,20519,41836,60302,615,2
382,55,68,Male,11329,23103,63635,681,3
629,72,70,Male,39053,57513,11755,793,5
1211,66,68,Female,18759,38249,0,746,4
823,41,65,Female,20353,41496,9222,807,2
1304,24,70,Female,44540,90812,175569,850,3
89,35,67,Male,14822,30217,23394,705,4
1751,29,66,Female,30202,61581,241312,736,2
888,53,67,Male,16462,33566,96597,698,1
81,66,68,Female,17440,35560,60397,723,5
1021,21,67,Female,31699,64630,92847,751,2
826,67,60,Female,26767,57705,22475,684,3
87,58,71,Male,11844,24155,2870,802,3
1833,27,71,Male,17179,35026,11468,743,5
829,29,70,Female,17854,36404,11745,726,3
1879,50,60,Male,18724,38179,50559,609,2
236,36,65,Female,79100,161276,317964,540,1
1619,31,66,Male,15737,32086,53595,747,4
1146,22,69,Female,18395,37505,57014,714,3
803,69,73,Female,22799,46487,57336,635,3
193,23,65,Female,18583,37891,66163,749,1
1686,54,67,Female,30072,61312,25355,708,3
1959,46,59,Male,25565,52130,80367,701,1
1342,27,61,Female,19983,40744,50803,717,1
1371,86,65,Female,24516,49529,1385,689,6
1067,76,63,Male,24531,41790,24676,719,5
1019,81,57,Female,15775,29928,2028,713,4
1568,47,67,Female,21077,42976,58765,748,3
1765,40,68,Male,15755,32126,56283,770,3
1875,56,69,Male,22170,45202,71022,683,4
1111,20,65,Female,17120,34907,64107,742,3
1160,27,65,Male,16965,34591,65770,688,2
1574,22,69,Female,15661,31933,65405,746,1
189,42,70,Male,25584,52165,97248,730,4
466,58,64,Female,14477,29519,45597,643,3
659,57,67,Male,15981,32583,12501,812,7
942,37,65,Male,29006,59139,128870,742,4
1234,44,64,Male,30499,62185,114235,749,1
841,22,67,Male,17561,35800,65841,753,2
1388,26,71,Male,35553,72485,31605,691,2
1056,24,65,Female,25524,52036,26232,703,3
345,33,67,Male,17409,35499,80517,724,1
308,44,65,Male,15209,31015,103094,737,2
1922,79,65,Male,34848,53222,23051,640,1
1156,56,69,Female,137428,280199,91367,752,5
561,48,67,Male,18076,36853,112139,834,5
507,22,70,Male,18392,37497,0,695,1
1522,88,66,Female,37030,31828,3777,593,3
695,49,68,Female,35246,71866,132580,662,1
285,62,69,Male,16920,34496,33122,731,5
113,74,71,Female,26016,39003,10793,788,5
1039,68,64,Male,12349,11566,9102,536,4
176,45,71,Female,25586,52172,66085,667,4
1104,91,66,Male,18266,40141,805,850,6
946,48,66,Male,19486,39733,79302,781,4
1465,29,65,Female,25333,51651,22705,801,3
25,22,64,Female,24122,49190,122458,630,1
571,42,68,Male,18003,36711,84949,739,4
1396,22,61,Male,22728,46344,66994,732,3
599,26,71,Male,49534,100991,0,722,3
1074,62,65,Female,16097,32819,25393,826,5
214,30,62,Male,23446,47803,81929,652,1
771,44,69,Male,18961,38661,88636,765,3
520,45,66,Male,28278,57658,74288,766,5
288,45,69,Female,10909,22249,20420,789,3
1979,38,68,Female,31706,64647,58250,738,4
1253,32,64,Female,28814,58749,113308,768,6
311,46,68,Female,14470,29510,47153,752,4
1346,53,65,Female,17985,36672,99454,655,2
1622,41,61,Female,38878,79271,211919,759,1
852,35,68,Female,19693,40156,70128,738,3
1394,30,58,Female,28373,57853,131828,558,4
957,73,64,Female,33637,37789,24575,605,3
515,61,63,Male,20531,41865,60911,676,4
1303,66,69,Male,30381,61937,138153,684,7
1287,32,67,Female,15827,32274,72974,545,1
296,48,71,Male,37170,75785,117920,814,3
1059,50,64,Male,22345,45560,79660,644,3
1378,46,67,Female,20013,40810,65643,614,4
1297,58,67,Male,18817,38371,50530,703,3
1727,46,67,Female,23917,48762,143208,771,6
310,26,61,Male,28660,58435,134789,666,2
673,48,68,Male,19188,39124,66231,722,4
1283,50,65,Male,31226,63673,147913,591,4
1239,34,65,Female,18679,38081,28613,811,4
1691,23,61,Female,14443,29450,36002,692,1
1078,56,65,Female,28237,57576,161107,589,2
124,31,70,Female,16829,34311,6971,680,4
99,63,65,Female,26530,54095,76109,753,3
1722,24,65,Female,12089,24648,32962,600,1
562,37,61,Female,32793,66863,89031,673,1
750,61,68,Female,14793,30165,36972,694,2
1223,53,67,Male,92938,189490,448929,717,3
1319,19,68,Female,23827,48582,189348,546,1
575,84,65,Male,23207,26476,406,813,5
428,39,69,Male,27706,56486,116394,689,2
828,59,71,Female,17609,35906,69819,659,3
1580,19,61,Female,27261,55587,151141,621,2
1570,21,67,Female,18016,36733,0,761,3
846,48,66,Female,33232,67761,0,745,4
666,57,56,Male,22760,36282,14141,725,1
335,46,68,Female,27696,56467,66565,688,3
639,55,73,Female,18462,37645,46298,654,4
386,48,64,Male,24506,49967,62509,655,1
886,20,67,Male,31656,64548,14864,726,1
297,20,66,Male,13938,28421,77772,738,1
1860,33,65,Female,17271,35213,87653,719,3
581,48,67,Male,14696,29962,55000,684,3
1910,49,59,Male,17590,35868,48465,562,4
731,31,73,Male,18734,38193,39874,703,3
21,48,66,Male,21131,43084,0,850,3
273,42,72,Female,18351,37415,66403,665,1
63,40,64,Male,17370,35418,51741,660,6
786,18,62,Male,15331,31259,40701,798,2
1886,26,66,Male,20233,41255,85439,683,2
103,41,71,Female,17056,34774,78060,850,5
1193,90,75,Female,27934,51717,418,717,5
585,52,62,Male,20346,41483,64715,584,1
1532,28,65,Female,17079,34825,65082,759,1
1958,51,72,Male,18316,37346,64030,680,5
744,58,67,Female,21923,44699,21685,842,5
1836,35,73,Male,8491,17316,26872,748,1
477,57,67,Male,24259,49467,77465,697,5
1713,18,68,Female,16795,34242,0,837,1
1506,25,63,Male,34578,70502,90003,614,2
357,59,67,Female,39312,80156,61817,735,4
535,51,63,Female,24393,49737,136056,643,1
778,60,60,Male,18794,31003,23000,699,3
950,23,66,Female,14405,29376,51428,629,1
1080,56,63,Female,14425,29413,46043,703,2
1197,28,64,Female,27308,55684,114269,722,3
711,39,60,Male,20056,40894,51844,657,1
1731,64,66,Female,23172,47242,62224,704,6
451,65,67,Male,14199,28951,56777,711,2
1290,53,68,Male,32580,66428,197102,669,2
1817,52,64,Female,36253,73920,166395,683,1
56,22,73,Female,10539,21490,32587,682,2
1383,68,64,Female,31849,59938,36978,670,1
1915,54,65,Male,25534,52062,97881,775,4
1882,58,65,Male,29097,59322,145137,694,3
1467,26,69,Female,26120,53254,131334,736,1
1791,61,67,Male,16045,32716,46919,593,3
447,79,68,Male,19131,30977,21507,796,5
1640,67,71,Female,17144,34954,5942,729,3
636,47,69,Female,11951,24372,63295,793,4
782,51,66,Female,18229,37169,93844,722,3
316,36,69,Male,19554,39871,73726,719,4
1192,44,68,Female,19630,40026,70877,768,1
787,19,67,Female,35183,71740,38238,767,2
251,21,66,Male,20152,41087,22720,695,2
1351,18,55,Female,28730,58579,94998,808,1
490,86,68,Male,29557,33426,1852,699,4
1935,23,65,Female,22001,44862,78350,750,3
387,34,65,Male,22261,45388,64749,723,1
869,73,68,Male,22682,34220,0,745,5
1865,19,66,Male,58297,118862,276156,782,1
268,20,62,Female,29558,60265,80939,582,3
1124,45,66,Male,11644,23740,4313,841,3
721,39,67,Male,18828,38386,74820,850,6
813,46,70,Male,19065,38872,86648,585,1
152,37,68,Female,24196,49335,51520,773,3
1896,50,79,Female,19736,40246,74352,641,5
1028,50,66,Male,39789,81122,112394,682,5
922,18,64,Male,14352,29265,37375,647,1
549,51,65,Male,30557,62304,113416,719,4
565,54,65,Male,21381,43598,15891,757,4
1980,54,63,Male,22856,46603,57177,612,1
1494,26,71,Male,14191,28931,34511,711,4
1809,42,71,Female,35905,73208,115827,664,6
637,42,68,Female,37908,77288,46160,771,4
1770,30,66,Male,18415,37544,15489,703,4
527,58,65,Male,19926,40628,66552,636,1
1139,24,68,Female,15433,31469,53555,645,1
1459,53,65,Male,15385,31369,0,707,3
1544,36,65,Female,16351,33339,83353,679,2
1174,25,65,Male,20273,41338,90737,772,1
112,54,66,Female,17220,35114,24637,686,5
369,39,65,Male,25258,51499,7226,788,4
994,85,67,Female,13006,9795,396,771,7
1592,19,67,Male,46616,95045,132371,708,3
1029,66,72,Male,17944,36589,86573,676,3
1680,59,63,Female,28916,58959,109358,598,2
1052,61,61,Male,25849,28210,22961,655,2
494,39,68,Male,27635,56347,32530,779,3
94,59,72,Female,18029,36760,95755,593,2
425,38,67,Male,29174,59482,130605,688,4
1720,55,60,Female,12175,24827,60261,590,1
1699,67,65,Female,51631,52929,37514,737,7
1495,52,70,Male,31114,63433,122550,770,7
1005,21,67,Male,19364,39485,144101,685,1
439,33,59,Female,25472,51938,97252,697,2
1285,68,53,Female,30622,65298,18684,524,2
1973,58,65,Female,15950,32520,29433,731,4
448,41,63,Male,19359,39472,82626,698,1
1907,37,66,Female,16898,34457,48966,666,2
73,48,73,Male,26227,53478,73030,674,3
1097,39,68,Male,15863,32343,59006,732,3
1644,83,65,Male,15406,31943,1248,686,6
967,41,56,Female,16081,32789,47679,699,2
1929,29,64,Male,20536,41873,76725,717,1
1114,44,66,Male,18204,37115,58438,685,3
1087,40,65,Female,15202,30997,81716,722,2
95,25,67,Female,43432,88554,142154,701,2
1778,29,63,Male,14556,29682,65845,659,2
1031,61,68,Male,26369,53762,37361,689,8
788,19,66,Female,26718,54477,72241,802,2
728,30,67,Female,16224,33076,50117,721,3
1639,58,67,Male,24324,49595,68057,676,1
1587,31,67,Male,40226,82019,64583,695,3
1883,76,66,Male,26815,51942,22839,723,4
712,74,67,Female,20102,29130,8746,720,5
1414,71,66,Female,16835,13937,3854,783,4
243,20,63,Male,18714,38158,80609,666,1
146,47,67,Female,33701,68710,201796,717,3
715,37,75,Female,49195,100303,53919,821,2
1489,58,65,Female,25001,50980,87715,691,1
1232,18,69,Male,22958,46810,0,747,2
842,61,65,Male,50607,103185,206422,564,1
486,23,71,Male,22907,46704,91946,810,1
763,35,61,Male,50579,103126,130160,642,1
154,48,61,Male,18376,37468,73448,666,3
704,51,67,Female,55274,112695,35135,840,6
1409,23,65,Male,21668,44181,82622,701,1
1601,26,65,Female,33263,67820,86177,628,2
729,80,67,Female,16421,24884,1828,850,6
1016,41,53,Female,0,553,740,719,3
1214,40,64,Male,35544,72470,133421,711,2
1760,35,66,Female,17696,36081,118151,682,2
927,37,68,Male,29122,59375,0,729,2
1667,18,70,Male,23782,48491,158871,588,1
1796,60,67,Female,15138,30867,12686,794,3
179,33,67,Female,19605,39974,64403,652,2
395,39,72,Male,24331,49611,110543,739,4
513,24,69,Male,17584,35856,73257,712,4
187,35,72,Female,17537,35760,62768,830,1
491,40,69,Male,13249,27013,58806,651,3
1153,63,62,Male,24849,58006,20196,774,1
377,80,67,Female,24884,39110,363,750,5
850,38,66,Female,19661,40087,17392,712,2
1186,46,65,Male,17603,35891,87749,577,3
1694,83,65,Female,37213,74753,1585,726,5
716,31,70,Male,13002,26511,21869,769,6
1131,76,69,Male,28490,19682,0,683,4
1719,81,64,Female,19386,23217,2559,616,3
254,30,66,Male,33151,67589,0,734,3
226,30,68,Male,45596,92960,64167,724,3
1307,52,61,Female,42685,87030,156474,646,5
1095,72,66,Male,19329,22918,11371,750,5
1729,29,56,Female,24445,49842,79750,698,1
1466,36,75,Female,17624,35933,23451,812,2
1226,42,67,Male,18080,36860,65049,714,3
1755,53,70,Male,13864,28269,66681,734,6
475,20,66,Male,19827,40426,76199,727,1
1956,43,71,Female,18330,37371,3378,739,4
706,33,68,Female,33148,67589,106072,602,2
474,55,66,Male,39705,80957,161166,683,6
1259,64,69,Female,94302,192269,100192,700,6
320,34,75,Male,17480,35641,64419,625,2
93,33,69,Female,14073,28696,52910,686,4
1182,30,65,Male,18712,38153,92466,658,1
150,51,73,Female,35062,71490,0,782,3
1327,20,67,Female,21093,43006,26144,688,2
784,44,67,Male,24289,49523,89129,688,4
1471,31,76,Male,10730,21876,20169,786,2
367,27,67,Female,21992,44843,67179,756,2
1050,43,65,Female,17625,35938,47204,670,3
207,73,65,Female,16745,28553,19507,745,5
1838,18,68,Female,19520,39803,53607,695,1
798,50,68,Female,24069,49076,56547,715,4
1207,41,65,Male,27646,56368,71544,664,3
1012,35,66,Female,16114,32855,94228,693,2
844,65,64,Male,21401,18149,26672,738,2
334,44,65,Male,19818,40407,25986,697,3
815,19,60,Male,23747,48418,73106,756,2
1100,61,73,Male,29337,59815,73325,573,2
407,23,66,Female,20822,42454,63754,750,4
1244,43,69,Female,16073,32775,72785,637,1
1740,36,67,Male,28215,57532,61268,735,4
1754,34,67,Female,12910,26325,32456,562,1
1184,70,74,Male,33727,68765,75608,798,5
1440,26,58,Male,18965,38670,80894,630,1
200,57,65,Female,17918,36528,109785,701,3
1446,28,61,Male,13811,28163,50872,689,4
1263,56,70,Female,17977,36652,60949,600,3
1483,18,70,Male,26693,54427,96369,714,2
1085,27,66,Female,36390,74198,16084,838,3
1961,18,66,Male,17116,34904,46002,657,2
776,55,73,Male,47798,97455,219213,616,2
890,37,66,Female,25592,52181,26792,727,2
1445,68,68,Male,17969,27939,11243,841,5
74,54,74,Female,20579,41957,151027,783,3
1216,26,61,Female,19666,40102,57857,601,6
797,61,69,Female,30410,62005,149968,651,9
610,18,58,Male,21609,44061,107955,713,4
1917,49,69,Male,28694,58503,37838,680,4
975,28,67,Female,14456,29478,39224,675,2
109,29,66,Female,19625,40005,37694,737,2
547,70,66,Male,18351,31901,16285,778,4
347,28,63,Female,21602,44046,57982,557,3
201,61,65,Male,17567,35823,96691,732,3
1368,29,69,Female,22059,44976,80109,717,2
1547,28,66,Male,19635,40035,69241,684,2
1812,31,62,Female,25002,50978,76898,574,2
1379,76,72,Male,19780,34408,9107,701,4
82,22,68,Female,0,2026,1417,779,1
1053,59,66,Male,27255,55571,93460,636,3
1893,26,59,Male,26084,53182,99550,623,1
955,33,67,Male,16648,33944,53353,798,4
856,54,59,Male,56069,114318,328089,748,3
1361,67,66,Male,14848,28714,12978,638,2
261,41,66,Male,28985,59093,117325,737,5
64,39,68,Female,25242,51465,0,702,2
1864,20,69,Male,24904,50776,19785,701,1
1768,28,65,Female,25205,51391,84768,573,1
1151,53,65,Male,0,920,1914,788,3
356,50,73,Female,20315,41420,0,691,5
1393,52,67,Female,16901,34460,43936,692,2
865,41,65,Male,18531,37786,107692,693,5
1914,21,70,Female,20678,42161,59210,672,1
1641,30,69,Male,25503,51998,73575,640,1
707,22,67,Female,18271,37253,63522,576,1
3,49,65,Male,13705,27943,18693,681,4
754,76,69,Female,19025,32817,27209,705,6
148,62,66,Male,18972,38681,113190,663,5
127,48,68,Male,15474,31553,63938,729,3
1675,36,70,Male,24519,49993,52978,767,3
747,63,64,Male,14137,28828,49793,687,4
1942,77,63,Female,0,1,0,673,3
452,31,74,Male,31072,63356,140107,704,5
1157,33,58,Female,28213,57526,82715,812,1
1534,36,65,Male,39626,80794,3867,803,2
1086,57,64,Female,37407,76274,102611,698,2
1984,29,60,Female,19059,38861,62080,528,1
835,32,65,Male,22223,45312,11788,681,4
758,63,68,Male,21178,43180,36832,764,5
1795,25,66,Female,29580,60310,91017,647,6
1221,64,69,Female,15079,30747,51667,850,4
1821,21,68,Male,21394,43617,16661,803,3
1248,51,71,Female,21278,43386,2192,698,3
1900,62,62,Female,19483,36465,12789,688,1
597,72,66,Male,51692,65055,1676,736,6
1620,21,68,Male,18112,36924,71952,701,3
1213,34,69,Male,21373,43579,96994,795,3
619,54,65,Male,26478,53986,58381,748,4
1043,21,61,Female,47637,97127,210206,660,2
394,52,71,Male,34138,69604,47193,684,4
1376,49,68,Female,30418,62019,85666,543,4
834,19,68,Male,15965,32550,82878,746,6
837,30,65,Male,17701,36092,63276,679,1
1257,55,67,Male,23668,48259,146774,721,3
1966,42,68,Male,15447,31499,45661,782,4
358,36,71,Female,15243,31079,91845,605,2
912,46,66,Male,23244,47395,41381,755,2
605,42,73,Male,23316,47542,2667,725,3
1362,58,67,Male,35563,72510,44317,727,4
1513,48,66,Male,32240,65736,206000,733,3
1521,71,71,Female,19120,19581,21424,706,3
564,57,64,Male,20800,42411,111077,765,2
1309,87,64,Female,37485,55902,3385,531,1
1583,38,68,Male,25917,52844,0,826,3
1885,46,65,Male,18171,37056,75730,753,4
1566,44,64,Male,19726,40220,106171,718,3
401,81,71,Male,15239,28644,879,806,7
15,52,66,Female,14553,29673,12950,788,3
1666,61,62,Male,23029,46954,69753,578,4
509,33,66,Male,21842,44534,107410,702,4
954,51,65,Male,18619,37963,102716,772,4
832,40,67,Female,24684,50329,76759,625,4
1046,44,66,Male,18007,36715,74022,547,4
630,60,66,Male,19382,39521,61861,491,3
1561,78,67,Female,26707,51014,23366,759,4
1548,41,65,Male,35834,73067,6332,721,3
221,63,65,Female,21669,44183,89852,850,4
1991,21,65,Male,11243,22922,9004,694,1
1328,28,68,Female,41682,84987,162718,600,2
1901,63,69,Female,16542,33728,107287,730,3
665,81,65,Female,12406,11613,427,790,8
442,47,66,Male,23836,48600,23992,791,5
1626,58,63,Male,29571,60292,114223,531,1
1539,42,61,Female,28463,58034,129546,676,2
601,68,67,Male,15849,43004,15304,761,6
541,51,70,Female,14293,29144,35268,645,1
210,46,63,Male,12677,25850,56285,630,1
206,28,59,Female,18431,37583,51633,782,2
926,20,60,Female,20305,41403,206131,776,1
115,61,69,Male,49546,101018,78115,748,6
1779,30,69,Male,15755,32125,58712,733,2
248,80,67,Female,13254,13596,352,684,4
1003,51,62,Male,39495,80526,117380,632,1
294,36,59,Male,21556,43953,76915,607,1
118,56,68,Female,15471,31533,42315,753,3
292,23,65,Female,20947,42711,48493,717,1
755,74,67,Female,13409,23137,4871,642,5
1878,18,64,Male,19508,39778,60850,702,1
1432,42,72,Male,34205,69747,80763,741,4
456,54,63,Male,17140,34947,49024,751,3
623,63,60,Male,32083,77961,39811,616,3
1426,22,66,Female,56252,114692,91575,805,2
47,47,62,Male,12475,25434,45540,712,4
760,56,64,Female,18420,37558,72514,778,3
956,30,66,Female,23104,47110,57159,804,2
194,52,68,Male,15048,30681,81680,746,4
693,20,66,Female,31905,65051,220951,703,2
1246,49,67,Female,15207,31008,60527,713,4
641,62,68,Male,18420,37556,0,735,6
1060,76,68,Male,17909,21547,16040,785,5
1292,20,68,Male,14249,29051,5819,774,2
1113,19,69,Female,14200,28953,3619,738,2
245,39,65,Female,28826,58774,94053,528,2
774,46,61,Male,16378,33395,57774,588,2
1822,87,65,Female,14395,22894,1501,767,5
1209,45,67,Female,31299,63815,4832,699,6
997,57,67,Female,26957,54963,105623,675,4
1180,28,69,Male,17624,35940,54354,595,3
318,62,67,Male,18103,36911,93367,724,4
691,34,64,Female,21991,44838,109951,561,1
1993,59,72,Female,45509,92785,122254,786,6
252,67,70,Male,17161,34985,29409,723,6
1757,39,68,Male,20644,42086,79530,784,4
1324,45,61,Female,19065,38872,94970,663,4
1557,50,66,Female,23687,48295,109558,707,3
1555,28,64,Female,19474,39708,113715,717,3
941,56,72,Female,22273,45416,82611,713,1
156,36,67,Female,13739,28007,0,691,4
24,48,64,Female,18906,38554,47186,708,1
302,27,67,Female,18335,37384,120327,706,2
949,29,71,Female,31234,63684,96864,709,5
1281,92,61,Female,14632,26546,2480,689,6
1428,35,62,Female,13963,28472,42750,508,1
433,49,65,Male,15676,31957,12347,771,6
584,61,68,Male,14318,29195,64881,743,3
1832,36,67,Male,17839,36372,79220,684,2
222,48,70,Female,45818,93417,115916,714,3
648,40,61,Female,14642,29854,66044,674,3
1939,43,69,Female,12362,25207,34107,685,1
722,25,66,Male,16168,32966,73741,707,1
1889,66,67,Male,23528,47972,0,748,5
1229,50,66,Male,24206,49350,20942,713,6
505,39,63,Female,14901,30383,58466,609,2
1083,44,65,Female,18916,38568,66300,756,4
1656,35,69,Female,20179,41141,81016,706,3
568,24,66,Male,18895,38526,60556,778,1
1373,35,66,Female,16764,34181,50668,764,2
667,83,63,Male,30325,41763,2279,714,5
480,50,68,Male,42234,86113,177353,713,6
569,52,73,Male,22377,45625,81136,662,1
1600,62,66,Female,49629,101193,124771,747,3
1063,64,66,Male,18590,37898,36994,716,5
32,82,67,Female,23074,52315,3174,695,4
1040,28,67,Female,39269,80060,0,689,2
396,89,72,Female,38274,50341,3270,735,5
1498,47,66,Female,24911,50790,3547,726,4
104,33,65,Female,18334,37384,49182,713,3
1062,58,65,Male,17302,35274,35234,708,3
1845,30,68,Male,23199,47300,93788,784,1
1657,35,68,Male,12849,26201,42551,655,1
1106,62,62,Female,16842,20783,23623,699,3
1867,33,69,Male,21563,43968,71218,644,1
1045,27,66,Male,16568,33778,10058,757,1
1786,48,63,Female,18936,38611,93255,755,5
1569,68,65,Female,20153,39082,16870,722,4
899,29,65,Female,23487,47891,114299,629,1
1595,47,65,Female,25537,52063,87549,753,2
446,23,68,Male,24200,49342,56137,703,1
53,49,68,Female,19471,39700,59062,701,3
1136,23,65,Male,33727,68767,119831,723,3
551,65,67,Male,19392,39543,53182,776,3
1491,41,68,Female,22662,46209,56034,710,4
330,36,71,Male,31595,64419,183210,711,1
392,50,65,Female,16234,33098,59605,775,3
1144,57,66,Female,14959,30495,70825,773,4
1163,45,61,Male,32943,67170,114251,489,3
230,39,65,Female,17412,35501,78801,693,4
1066,46,65,Female,26545,54124,0,727,2
460,65,65,Male,44664,40957,64144,608,4
1661,42,67,Female,35553,72478,63078,728,2
1926,70,67,Female,17736,26574,5244,689,3
27,78,63,Female,22304,23821,22427,613,8
365,55,70,Female,18719,38165,45891,719,1
50,68,72,Female,19243,39238,85457,702,4
653,19,65,Female,25308,51601,79143,745,1
743,44,66,Female,15938,32491,24515,682,3
999,19,62,Female,23691,48308,106571,703,4
940,49,61,Female,20499,41800,67836,699,6
534,27,74,Female,29680,60510,23196,790,3
1460,24,65,Female,30288,61760,163824,590,2
59,85,69,Female,16654,25066,424,695,7
1908,78,66,Female,24801,44469,12777,733,5
1436,21,55,Female,21992,44842,54189,500,4
1230,18,50,Male,14305,29169,37230,754,1
324,21,68,Female,42850,87372,40547,792,3
992,46,70,Male,26918,54881,3584,700,4
198,49,73,Female,15447,31497,30805,702,3
1017,24,69,Male,14076,28703,94364,560,1
1813,35,66,Female,27637,56350,120125,808,4
1989,31,66,Male,33295,67886,7137,803,4
1148,54,70,Male,18007,36711,47490,687,4
872,61,66,Female,15451,31505,59730,655,4
458,46,62,Male,24064,49068,123937,530,2
920,41,68,Female,14078,28704,103891,700,2
1598,82,61,Male,12508,26126,1213,697,5
1876,50,70,Male,21869,44587,17148,775,6
412,25,65,Male,22964,46822,0,810,4
190,40,67,Male,21801,44452,12409,711,5
163,37,73,Male,16237,33108,44044,829,2
567,25,69,Male,16445,33534,76166,761,3
503,47,61,Female,14497,29564,54279,694,2
469,67,67,Female,26675,46945,17835,682,4
1851,48,72,Male,37121,75682,37163,727,5
1523,61,73,Female,19453,39661,74740,850,4
35,20,64,Male,23785,48495,97630,773,3
317,67,65,Female,15436,19199,15091,715,3
1195,75,68,Male,23553,40696,15691,801,6
1238,31,72,Female,47408,96661,73401,721,2
432,55,64,Female,13018,26546,32087,686,5
1082,34,67,Female,16643,33934,42945,622,3
120,50,71,Female,29924,61008,0,781,4
1289,33,64,Male,20995,42808,117011,758,1
1502,21,67,Male,44196,90104,85204,787,2
1497,55,64,Female,17435,35553,76077,623,1
1047,26,67,Male,26269,53554,119852,689,2
0,33,69,Male,29237,59613,36199,763,4
351,91,70,Female,13810,17150,375,807,6
1797,67,65,Male,24971,30962,15336,743,5
1386,59,62,Male,18600,37927,79299,712,1
1122,33,66,Female,34188,69706,97070,785,2
255,18,57,Female,21214,43253,56323,718,1
765,18,68,Male,17707,36101,46425,778,2
703,53,66,Female,19798,40363,111112,711,4
1919,83,59,Male,37846,80493,2027,610,5
791,78,57,Female,22682,39263,24246,645,4
199,67,67,Female,32580,78329,40161,720,3
282,42,66,Male,12547,25585,59827,702,4
908,62,70,Male,22685,46256,106753,650,3
880,28,65,Male,19301,39354,26700,685,2
770,35,66,Male,29793,60746,88165,706,4
1169,51,68,Female,30358,61901,29627,726,7
522,26,65,Female,21313,43454,79295,774,2
1736,43,67,Male,22456,45789,94014,695,4
506,56,68,Male,25916,52841,36288,733,5
131,23,75,Female,18494,37717,60367,688,3
76,22,63,Female,25313,51613,62635,649,2
249,42,69,Female,14632,29835,46702,618,7
1279,78,65,Male,34259,62103,33545,509,4
1652,51,65,Female,20966,42749,53471,728,4
739,38,64,Female,33925,69171,102537,622,1
1475,98,60,Female,22778,42306,472,725,5
1251,29,67,Female,20673,42150,39663,750,3
1119,23,63,Female,23340,47589,114020,763,4
592,68,65,Male,13634,23993,2573,714,5
692,52,65,Female,20942,42701,53696,701,4
1065,41,69,Female,27622,56320,84614,792,3
1764,59,68,Male,15472,31550,26738,710,3
1830,56,75,Male,15899,32418,84507,758,4
157,47,65,Male,16109,32847,3230,785,3
676,40,65,Male,31905,65053,83571,775,2
1481,72,65,Male,0,2422,810,632,2
1902,36,68,Female,15950,32522,28260,769,2
123,43,66,Female,17811,36315,0,824,3
1995,64,62,Female,20943,39206,9219,605,4
1688,27,66,Female,16501,33641,40696,743,1
1895,56,65,Female,20034,40848,146608,706,2
1891,47,66,Female,16733,34112,39842,725,4
453,26,67,Female,63159,128775,232506,655,1
341,50,66,Male,51032,104045,0,734,3
1571,58,66,Female,25166,51316,0,759,6
1615,66,59,Female,24561,48690,36262,701,6
1647,18,65,Female,17321,35311,44783,684,5
680,42,63,Female,13414,27354,42226,799,1
52,56,66,Female,31288,63796,82173,730,3
1387,28,65,Male,32485,66237,146680,785,1
1034,58,66,Female,27254,55569,76181,698,6
677,40,65,Male,32972,67226,128174,729,3
440,43,50,Female,52066,106159,144773,703,5
338,68,72,Female,24651,50258,0,686,3
1120,44,69,Female,26966,54981,121701,737,1
1127,59,70,Male,17455,35590,92603,720,4
1662,41,67,Male,24509,49967,58582,712,4
1462,30,63,Female,18446,37610,64933,586,1
1848,31,66,Female,24817,50599,83732,791,2
1444,64,67,Male,32805,66885,144703,698,7
45,61,67,Female,31281,63781,111808,654,1
1102,49,65,Female,46461,94733,0,707,5
1636,49,66,Male,12064,24598,23019,695,4
502,46,66,Male,17870,36440,30574,745,2
1630,24,65,Male,15545,31693,98206,719,1
266,19,65,Female,13485,27494,26097,724,1
5,65,65,Male,19095,20614,14042,711,2
1712,82,65,Female,27814,66999,3140,730,5
1360,41,61,Male,19066,38874,64474,672,3
1013,25,69,Female,23550,48017,95549,711,1
993,47,64,Female,21966,44789,94789,638,1
642,35,62,Female,16746,34143,49839,648,4
1871,83,65,Male,15385,16611,1797,696,5
1721,36,68,Female,18880,38496,64688,642,2
868,78,64,Male,16016,31046,11436,706,6
1517,37,71,Male,60593,123540,236393,764,4
364,65,65,Female,18273,39809,0,775,4
686,64,65,Male,16958,34576,81087,683,1
696,74,67,Female,45685,110570,5700,766,8
962,28,69,Male,16801,34262,60506,846,2
1407,40,71,Male,19851,40473,54899,689,4
1015,33,67,Female,47453,96744,128122,838,5
1456,48,70,Male,15316,31231,40499,681,3
1861,57,65,Female,32580,66427,103290,779,5
161,31,70,Male,11512,23469,22976,731,3
263,30,69,Male,13006,26519,63979,663,3
1389,40,64,Female,17067,34799,72749,793,2
1707,28,70,Female,17260,35194,56006,620,1
1374,28,66,Female,19463,39679,93772,758,2
1855,67,66,Male,25115,31287,25844,728,4
867,26,71,Male,19032,38805,54466,614,2
274,43,67,Female,23940,48810,0,799,3
1552,62,67,Male,22290,45450,85218,686,3
635,25,64,Female,16770,34201,42895,731,1
1526,53,64,Female,16742,34137,80467,671,4
319,67,67,Male,17683,28357,10400,628,2
740,30,62,Female,15862,32343,39656,683,3
965,18,68,Female,20670,42142,116857,713,2
1421,30,65,Male,16177,32985,32764,740,2
1538,82,62,Male,16494,23572,216,590,2
1101,25,70,Female,14155,28862,20944,751,2
92,76,68,Female,21089,31145,5132,689,4
125,64,70,Female,13015,26535,93592,724,5
449,58,70,Female,19517,39796,9452,729,5
1173,71,67,Male,25502,51703,5371,722,7
1810,66,66,Male,18879,31175,5846,711,5
1843,89,73,Male,16503,38761,69,760,7
1578,86,62,Male,19382,33291,695,714,2
658,40,64,Female,25812,52630,68559,725,4
1858,73,64,Male,14317,26481,10392,705,1
1663,24,59,Male,0,2370,4397,581,1
1503,59,67,Male,21102,43021,86014,725,4
725,18,68,Male,21809,44466,3096,709,2
1671,50,57,Male,21033,42886,60474,604,1
1233,35,67,Male,18560,37843,40003,697,3
1271,34,66,Male,23738,48398,138998,642,3
473,33,66,Female,13820,28181,37929,682,2
1541,48,65,Female,18353,37422,127116,681,5
149,24,54,Female,44747,91237,231619,594,1
560,59,65,Male,21535,43913,83944,676,4
1006,37,68,Male,21851,44550,117302,761,3
368,75,73,Male,20121,42806,20432,726,6
1696,63,65,Female,26339,53702,85160,606,1
416,86,65,Female,20030,38273,1658,765,6
51,29,67,Female,25166,51303,106248,688,3
196,44,64,Female,17545,35775,67263,773,1
690,71,64,Female,31024,67186,29682,692,1
1477,47,67,Male,22934,46763,65106,696,3
260,62,70,Male,14275,29110,23504,699,3
857,90,62,Male,17685,41831,1100,615,1
1167,42,65,Female,24089,49117,42380,769,3
1358,69,70,Female,33808,68930,72619,768,4
1611,68,58,Female,13907,20334,9544,684,2
734,43,61,Female,12220,24917,36101,693,2
1507,39,67,Female,21749,44344,82822,744,3
504,38,68,Female,16825,34311,61776,705,2
524,57,62,Male,17282,35239,43270,726,1
525,55,66,Male,18223,37147,0,703,3
250,50,64,Female,17003,34671,55643,786,6
479,57,69,Male,30004,61173,71422,692,3
343,55,72,Female,23368,47643,45706,764,8
1196,60,61,Female,17113,34895,56622,820,4
1530,64,68,Female,0,1785,2892,732,3
1963,98,69,Male,26137,33869,370,821,7
764,77,68,Female,20835,31066,20902,712,4
213,37,68,Female,27057,55172,96779,629,3
410,54,60,Female,23029,46956,94340,610,2
1685,53,61,Male,36300,74012,93119,681,2
225,32,68,Male,20055,40887,50734,688,4
1210,32,65,Male,16935,34531,60156,703,4
1336,18,67,Female,26481,53995,154800,673,1
576,68,64,Female,30747,63502,24100,638,7
1677,51,67,Male,16272,33178,92366,671,2
1969,84,65,Male,29583,44690,2249,733,5
1431,56,61,Female,19327,39409,52076,599,1
558,19,63,Male,16223,33080,55066,692,3
1482,54,64,Male,43725,89152,162012,675,1
1295,70,70,Female,17474,27772,14408,788,4
1468,66,65,Male,26188,44137,22392,626,2
538,66,69,Female,14844,30265,36789,814,4
748,55,69,Male,18412,37534,99840,706,3
1068,21,67,Male,15864,32345,61066,730,3
41,38,70,Male,13332,27183,58323,637,1
807,52,71,Female,18877,38487,49725,691,3
1430,69,69,Female,26764,33642,20874,593,5
1873,51,67,Female,16823,34302,84935,651,3
204,31,67,Female,20968,42754,60172,656,1
424,24,69,Female,25037,51045,127864,772,2
980,84,69,Male,20641,24055,0,733,7
1415,28,68,Male,22081,45021,77559,689,1
600,18,55,Male,22991,46878,60121,578,1
652,82,66,Female,20065,22726,1692,784,6
1129,49,65,Male,16894,34449,36540,686,3
885,36,66,Male,13895,28334,0,700,3
1899,31,67,Female,28037,57166,111755,737,2
1369,59,67,Female,17585,35854,49101,850,2
1057,39,71,Female,22050,44958,91549,787,1
1302,62,72,Female,14218,28988,13351,694,4
415,53,65,Male,16544,33729,0,763,4
83,31,69,Male,29157,59455,96224,557,1
1093,18,70,Male,23316,47543,124177,667,1
28,39,65,Female,26618,54273,110237,789,4
33,77,71,Female,18239,38692,8902,596,5
1646,54,69,Male,14663,29898,19719,714,5
1847,22,60,Female,15418,31443,52826,676,1
1152,43,65,Male,17428,35538,71591,747,1
134,43,67,Male,24608,50174,145300,643,4
188,24,57,Male,42884,87436,135294,845,2
220,33,67,Female,30335,61846,12525,722,4
1343,22,62,Female,11951,24369,37437,575,4
1930,26,68,Male,21810,44470,66413,721,3
1260,28,65,Male,20995,42806,49194,712,3
96,69,66,Female,38948,99825,4344,685,4
1166,44,66,Female,19569,39898,43630,682,3
1533,39,70,Female,24233,49412,42378,830,3
88,22,68,Male,16349,33337,71679,712,1
1451,58,57,Female,20979,17078,25245,719,4
57,28,66,Female,21494,43826,84935,823,1
1335,51,66,Female,47991,97845,255288,836,4
816,56,65,Male,17795,36285,67244,759,5
1081,31,60,Female,24849,50666,102318,617,3
1385,51,68,Female,40364,82298,182301,789,6
1125,25,71,Male,31839,64917,102747,689,4
1952,26,54,Female,18100,36909,102869,821,1
1870,24,70,Male,34848,71054,106595,767,2
1345,83,66,Female,24703,16620,1140,804,8
1695,45,66,Female,27973,57027,21798,709,4
1906,18,71,Male,14199,28950,61297,609,1
1985,50,69,Female,0,1426,3154,680,3
1604,55,72,Male,15354,31308,59817,742,7
1933,26,64,Male,14546,29658,45750,589,2
649,48,65,Male,22762,46408,0,847,7
1486,39,63,Female,11431,23307,31064,789,1
1744,31,69,Female,14435,29433,61260,693,3
1272,27,69,Male,30025,61222,142541,779,1
400,46,68,Female,19508,39770,72827,711,4
1994,48,66,Female,38345,78180,102759,740,3
572,29,67,Male,23208,47317,42433,680,2
1442,41,58,Male,14925,30432,101847,624,1
1853,39,70,Male,18226,37165,0,771,3
556,46,66,Male,17856,36405,31815,715,2
1960,30,61,Male,23500,47916,69567,612,1
321,52,67,Male,19705,40177,47012,698,4
483,49,68,Female,19604,39969,68456,713,3
404,44,61,Male,21979,44816,63043,625,1
1510,32,59,Male,24845,50658,72806,764,2
916,21,68,Male,20236,41260,80574,682,2
1635,54,58,Male,20760,42332,75213,616,6
1384,74,67,Female,22545,23011,30510,721,3
943,64,61,Male,39495,87317,41998,773,1
1236,72,65,Female,14645,25243,18006,730,6
969,24,70,Female,28884,58893,113715,666,3
508,24,69,Male,31547,64319,0,757,3
496,47,63,Male,17810,36319,44737,730,4
450,39,66,Male,21186,43192,33517,739,3
1753,46,58,Male,22304,45476,67636,506,1
304,31,68,Male,20255,41297,34703,685,2
839,45,63,Female,26674,54384,69717,622,3
138,43,68,Female,16071,32770,103262,641,4
43,26,66,Female,29972,61104,79486,721,4
1187,55,67,Male,23216,47334,87775,701,3
849,67,69,Female,21497,43828,60231,711,3
654,47,69,Female,16618,33883,50616,524,1
1898,44,72,Male,25009,50993,75783,675,5
1971,48,66,Male,20447,41690,69869,763,2
1020,29,66,Female,26545,54122,166903,796,4
22,56,66,Male,26467,53966,135478,747,1
436,20,65,Female,26273,53569,79540,623,1
1823,67,70,Male,32056,65362,27745,743,6
589,58,72,Male,13259,27035,58050,595,2
49,38,74,Male,18962,38663,59053,686,3
1350,22,65,Female,21940,44740,103896,651,1
1525,43,70,Female,19126,38994,0,728,4
69,54,67,Female,18794,38318,93284,748,6
234,42,73,Female,18452,37623,923,726,6
608,32,65,Male,0,2365,0,769,3
1064,50,65,Female,23752,48428,72566,654,1
374,58,66,Male,15290,31177,18859,689,5
286,38,69,Male,18746,38223,30756,725,4
1419,53,64,Female,30157,61490,116180,647,1
1435,41,78,Female,45132,92017,157723,703,3
1683,43,69,Male,12313,25109,92,850,3
727,44,68,Male,19874,40522,81572,801,5
1150,46,67,Male,30913,63030,93406,791,5
332,61,65,Male,18324,37362,21600,703,4
487,52,68,Male,27005,55059,162462,735,3
735,49,67,Female,33226,67743,67132,752,3
137,33,65,Female,20142,41069,64073,644,3
570,34,65,Male,15814,32245,43097,625,1
1121,44,68,Female,41380,84365,113529,796,5
860,55,65,Male,30794,62791,193215,692,4
518,31,61,Male,22283,45433,91998,523,1
1203,36,62,Male,20371,41537,128044,582,1
944,58,71,Male,58517,119308,89328,789,6
388,25,66,Female,8491,17310,21853,749,2
741,75,66,Male,21695,41316,22629,826,1
1737,52,65,Male,18487,37686,41173,739,4
1709,62,69,Female,17420,35519,111115,744,1
1018,90,71,Female,17142,31805,614,755,6
275,43,58,Female,37415,76288,120771,710,4
1367,49,67,Female,16801,34255,36094,708,4
1965,24,65,Male,18364,37443,0,745,1
284,51,65,Male,25005,50980,0,754,4
79,70,66,Female,20045,29164,19851,625,4
1515,77,67,Female,20983,30457,19314,520,5
1934,47,67,Female,13614,27763,59691,691,1
9,29,60,Male,20102,40988,89801,540,3
1964,68,64,Male,22644,38637,30595,643,4
982,46,67,Male,32610,66489,45974,729,4
1676,51,65,Male,24981,50936,88447,681,3
1519,41,72,Female,19625,40012,59472,849,4
1098,50,71,Male,16901,34456,54634,752,4
554,59,67,Male,26170,53357,114266,690,5
596,28,65,Male,16985,34629,34484,721,3
170,34,71,Male,18137,36983,58895,768,4
794,49,67,Female,14528,29621,0,730,3
1697,64,67,Male,20108,41002,97188,685,6
573,52,69,Male,14717,30011,84166,589,1
1715,32,72,Female,24589,50137,90747,679,1
1607,21,66,Male,27057,55166,70698,689,1
1026,84,70,Male,13194,17016,691,714,4
1892,22,62,Male,15966,32557,60053,637,2
402,47,72,Male,21556,43954,60913,744,3
1628,56,59,Male,31114,63439,199706,786,2
553,73,65,Male,17707,34067,17902,628,1
1551,47,70,Male,17510,35699,63264,687,5
1672,28,70,Male,36610,74644,204251,792,3
426,26,65,Female,20773,42348,6204,754,4
1135,89,69,Female,31496,68010,0,704,7
1420,87,70,Female,38514,60652,0,688,4
1589,39,70,Female,13485,27494,44258,702,3
1002,31,67,Male,19023,38788,77448,716,1
1411,57,66,Female,33847,69007,52218,720,4
1654,43,66,Male,24194,49328,6197,693,5
1330,65,61,Female,33097,35404,30887,575,3
790,34,65,Female,22740,46361,69620,743,2
552,54,66,Male,25767,52538,132409,602,1
139,73,65,Female,19652,31317,4591,687,4
1280,28,66,Male,16025,32676,88515,641,1
883,33,60,Male,26647,54333,103224,584,1
359,66,61,Male,24252,57383,20725,799,4
1921,44,65,Male,15726,32064,9833,709,3
651,53,66,Female,16852,34361,41375,643,1
557,59,54,Male,18476,28245,13411,669,1
1071,26,69,Male,18816,38363,63974,838,3
1175,93,69,Male,12475,10782,346,770,7
1936,86,68,Female,26951,35685,1135,714,5
182,49,70,Female,25006,50984,65126,616,2
468,48,65,Female,23238,47374,35312,714,2
1651,33,66,Male,27474,56018,100163,739,2
1714,23,65,Female,35807,73011,240352,794,2
1839,59,60,Female,13456,27439,84665,631,1
1585,35,69,Female,20710,42229,0,688,3
1245,54,58,Female,21040,42900,111007,802,6
732,60,68,Male,19224,39191,43396,756,6
342,18,68,Male,62840,128123,135808,699,1
476,68,71,Male,20340,41473,98151,724,3
164,76,67,Male,18287,37829,20185,658,4
539,21,68,Female,16954,34568,81953,765,1
40,71,74,Male,14342,29243,30686,726,4
1,43,74,Female,22247,45360,14587,704,3
272,30,67,Female,26193,53407,125586,767,3
521,21,70,Female,16101,32829,44141,652,1
988,68,68,Male,20042,39832,5377,785,4
660,31,68,Female,21602,44041,109159,680,2
1381,79,68,Male,24878,29517,2470,690,4
184,50,69,Female,21348,43529,126175,797,6
1183,53,66,Male,16097,32820,23004,740,4
905,69,73,Male,47524,96901,182809,701,5
419,60,66,Male,16448,33540,74530,734,5
239,26,68,Male,20699,42201,138469,682,5
1241,40,69,Female,24227,49396,39549,814,3
383,48,66,Male,16816,34287,77180,760,3
1816,39,69,Female,16794,34241,79551,784,2
1501,40,67,Male,17778,36247,34079,712,3
497,63,65,Male,25692,52380,8764,850,6
893,18,68,Male,17027,34716,18962,850,3
44,85,67,Male,16738,38194,1674,680,3
661,64,67,Male,21005,42831,59948,566,3
939,80,59,Female,19945,34819,2971,696,2
947,63,71,Male,16985,34637,12623,710,4
1749,50,61,Female,8658,17657,21899,614,2
385,79,65,Male,21679,30434,23883,740,7
67,23,65,Female,23366,47639,0,732,2
1298,32,70,Female,12557,25603,26348,729,2
913,56,70,Male,13964,28476,0,693,3
1634,66,68,Male,10091,20577,60152,825,4
804,64,67,Male,14839,30252,24172,812,5
1703,47,65,Female,24115,49169,65994,747,2
1741,92,67,Male,17460,24960,889,707,9
766,44,63,Female,15187,30967,61201,685,3
472,50,64,Male,22578,46039,79738,672,4
366,50,68,Female,19573,39911,93823,625,7
1205,22,69,Male,27948,56984,128684,680,5
1705,50,68,Male,13708,27952,2070,850,3
626,22,65,Female,42160,85954,108684,746,2
1638,79,64,Female,34186,57824,31354,668,5
1953,29,68,Female,21579,43996,16260,842,3
1771,41,66,Male,25476,51943,61722,794,3
931,34,73,Male,33974,69270,97114,540,1
1190,49,65,Female,21769,44383,42369,707,7
371,82,63,Male,43827,92368,2689,719,4
1404,52,71,Female,17886,36472,80469,526,2
1970,18,66,Male,25442,51873,70144,731,2
1364,47,72,Male,0,3,5,750,2
327,44,67,Male,18069,36843,52248,772,5
1337,26,66,Male,18946,38634,42099,800,2
594,29,70,Male,16642,33933,5329,698,6
1704,27,62,Male,31270,63760,151177,716,1
1500,53,66,Male,25949,52904,144534,680,4
923,18,70,Female,23297,47501,81625,735,2
1788,59,66,Female,20521,41845,90940,673,4
129,56,63,Female,22008,44875,125909,510,1
1756,30,66,Male,28430,57969,92382,691,2
197,32,60,Male,15757,32128,58373,724,5
219,47,66,Male,11036,22505,27928,798,3
1820,60,65,Female,18828,38394,69393,693,5
405,30,67,Male,17165,34998,60749,627,1
726,58,67,Male,22032,44924,27297,717,3
20,86,67,Female,19477,23371,0,757,8
216,60,66,Female,16273,33178,85620,687,3
293,32,63,Female,20640,42084,57760,661,5
1868,24,69,Male,28049,57187,9756,714,2
1996,46,66,Female,21956,44768,59862,728,3
1171,90,67,Male,26370,39214,0,781,5
1154,73,71,Male,27546,38809,19912,788,4
819,55,77,Female,18392,37495,28449,687,3
1554,49,63,Male,25405,51802,91118,696,1
1079,65,60,Female,48994,103294,39076,831,3
681,19,60,Female,21400,43634,52593,654,1
240,50,68,Male,17104,34868,51984,745,3
751,61,64,Female,24364,49677,108399,593,4
773,67,65,Male,15562,11029,3225,786,3
1294,39,63,Female,28993,59114,132715,730,2
1567,43,68,Female,19901,40576,54011,747,2
132,77,72,Female,13972,31555,12777,696,4
512,48,62,Male,35727,72844,207423,718,1
501,24,65,Male,17267,35212,56286,765,2
178,47,66,Female,24057,49045,0,727,3
1077,57,54,Female,17899,12044,10323,576,3
914,38,71,Male,22638,46160,87459,763,4
1840,46,71,Female,21702,44249,103229,706,5
550,76,70,Male,21219,30248,35766,763,4
1869,28,71,Male,16912,34487,52077,702,1
977,83,67,Female,13917,22873,0,710,5
933,50,69,Male,21234,43290,90238,690,4
938,28,73,Female,24982,50934,54406,720,3
622,23,65,Male,42884,87437,0,738,2
796,25,70,Female,21177,43178,74257,746,3
621,51,63,Male,13425,27372,54474,612,1
1038,33,65,Female,18025,36755,96292,810,2
1687,70,64,Female,24485,40189,24169,621,1
1890,29,65,Male,15708,32024,69171,754,1
544,34,65,Female,29426,59999,128311,676,1
810,77,65,Female,16521,22540,16946,705,6
58,38,66,Female,25756,52512,95640,706,2
1986,44,69,Female,23752,48430,62384,716,2
1084,36,66,Male,31518,64262,75415,775,4
1349,48,64,Female,13862,28267,35727,799,3
1825,70,65,Female,24849,45754,9066,718,4
98,80,67,Female,15755,16646,1639,590,2
615,35,65,Female,21956,44766,68989,713,2
1488,34,66,Female,20155,41091,86837,695,6
211,43,71,Male,14214,28983,36482,755,3
1443,47,69,Male,17175,35016,54455,732,3
801,82,69,Female,14989,23175,1626,723,5
655,49,66,Female,14880,30340,64661,552,3
669,38,62,Female,20177,41141,71060,683,2
1726,67,65,Female,34974,23533,23132,687,1
444,24,68,Female,12939,26382,13161,748,2
418,29,66,Male,25449,51891,83166,693,4
242,41,65,Male,21365,43560,58544,850,5
168,51,56,Female,15553,31713,42895,646,1
960,29,66,Male,26180,53376,60953,750,3
1911,58,75,Female,16574,33793,108196,768,4
259,71,65,Female,22585,38009,20529,689,3
300,40,64,Male,37131,75711,121251,750,1
1967,55,74,Male,30307,61793,686,767,4
434,31,74,Female,26190,53395,73370,785,3
1076,61,66,Female,18316,37342,48611,779,5
723,59,68,Female,17359,35397,55112,828,5
1398,52,66,Male,34756,70862,16595,745,5
1464,63,61,Female,30839,49569,58019,682,2
1505,29,69,Male,18479,37677,66737,685,2
1130,50,65,Female,21756,44355,44779,680,3
62,78,68,Female,15296,22290,9235,716,6
1623,32,73,Female,17278,35227,25277,746,3
1416,73,65,Female,24172,48750,18724,709,8
1998,65,67,Male,0,645,790,688,3
1299,40,70,Female,18295,37299,31923,723,2
303,94,66,Male,27185,60080,1807,690,6
1138,51,64,Female,20542,41886,107734,768,3
1750,47,55,Female,34681,70711,100226,741,2
1117,49,68,Female,13582,27691,24480,687,2
1322,35,62,Female,22319,45508,93806,636,1
878,45,65,Male,19663,40093,81752,615,2
609,59,62,Male,18408,37536,63386,717,3
761,18,69,Female,27576,56222,63846,726,4
1313,35,67,Male,14798,30172,39959,653,2
1558,47,65,Female,25172,51330,106161,597,2
399,37,68,Female,31514,64252,92973,802,2
325,45,57,Male,19589,39942,52441,709,4
689,65,62,Female,18012,39077,14019,709,1
1763,49,66,Male,18660,38039,27179,717,3
717,23,65,Female,26325,53675,82373,659,5
884,75,64,Male,21663,42812,22171,631,4
1701,56,67,Male,11393,23231,48624,726,3
117,20,71,Male,14824,30229,43239,595,3
126,63,65,Male,13047,26600,0,799,4
1051,32,71,Female,24424,49800,137460,694,2
462,63,57,Female,24571,50696,32793,767,5
1454,30,64,Male,17564,35813,43474,748,2
467,38,65,Male,21988,44831,20906,705,3
1802,39,62,Female,29088,59313,102360,802,2
1563,49,67,Female,11073,22583,62461,683,4
1235,18,65,Male,30564,62316,146487,813,1
587,20,62,Male,12433,25350,70475,643,2
709,26,66,Female,21057,42931,48783,742,3
1036,19,68,Male,24817,50602,66762,722,2
372,32,71,Male,12101,24668,22338,756,1
929,63,62,Female,44106,56102,59198,850,1
253,61,62,Male,21705,44257,110587,664,2
1549,68,74,Male,31072,63355,140526,747,5
529,55,68,Male,22448,45767,41791,721,4
1306,46,58,Female,16252,33137,40559,706,2
1798,79,65,Male,24926,37898,32994,517,2
389,27,67,Male,26033,53082,106945,689,3
1829,25,68,Male,21682,44204,59310,710,3
1392,24,61,Male,26023,53061,84073,743,3
1949,28,67,Female,21796,44444,130382,706,1
1881,67,67,Male,22321,56542,9097,733,6
1706,24,67,Female,13161,26839,70077,805,2
848,51,69,Male,33529,68362,96182,711,2
1044,30,60,Male,22388,45649,150985,693,1
1112,34,66,Female,14665,29897,27736,760,6
802,35,67,Female,29367,59872,95927,752,4
859,51,72,Male,15955,32531,78193,631,4
441,41,64,Female,22613,46108,64994,635,1
879,54,66,Male,11140,22714,27227,702,3
1437,77,65,Female,19640,44807,13730,751,4
1413,39,65,Female,15285,31170,33165,685,5
1710,33,69,Female,19635,40029,0,787,3
1037,38,67,Male,24992,50957,73187,653,2
966,26,69,Female,11763,23987,39071,630,1
107,50,70,Male,13123,26758,41064,734,5
1247,69,71,Female,21654,44152,90526,700,5
700,21,68,Female,91487,186534,233746,590,1
1363,18,66,Male,24121,49185,92484,690,2
10,30,66,Male,28871,58865,94134,727,2
1725,49,66,Female,20917,42652,133935,729,6
1145,43,65,Female,36825,75080,35268,747,3
864,56,69,Female,19198,39146,72957,766,3
1357,75,65,Female,16941,11410,0,812,7
1344,61,65,Male,22974,46843,66529,736,2
1252,23,70,Female,25900,52815,77064,658,2
935,18,71,Female,15701,32014,61420,728,3
1748,44,71,Female,26808,54659,73363,628,1
1123,44,66,Male,13683,27896,42046,710,3
546,51,68,Male,25111,51196,26617,681,3
430,52,67,Female,26168,53350,128676,685,5
61,44,65,Female,45812,93406,151935,801,3
1621,66,69,Male,36323,74059,144396,744,4
413,21,70,Male,25025,51028,105239,660,2
269,21,69,Female,19000,38739,0,689,3
37,41,60,Female,17013,34690,48954,683,4
1793,37,63,Male,14367,29297,36303,825,4
1846,82,64,Male,14191,33356,938,566,4
116,31,68,Male,32973,67230,45269,685,2
752,65,64,Female,27376,64829,15537,664,3
1185,29,66,Female,33093,67473,140270,780,1
683,61,66,Male,25031,51039,0,704,5
903,25,67,Male,29231,59599,79126,717,5
559,56,59,Male,17394,35468,53185,490,2
1338,33,67,Male,23060,47023,0,765,2
75,80,66,Female,18528,22326,1620,564,4
861,22,67,Female,20147,41080,106545,793,1
100,56,66,Male,24005,48944,79960,813,7
1140,44,65,Male,27149,55351,152645,703,6
531,18,68,Male,14470,29497,66044,722,3
279,25,64,Female,34122,69572,137845,753,2
362,37,59,Male,23889,48710,59824,792,3
1458,32,66,Male,17536,35755,61748,708,4
976,67,69,Female,30736,62669,70317,760,5
71,39,69,Male,16087,32801,44496,701,2
375,50,66,Female,18444,37617,57746,695,3
403,33,72,Male,17898,36496,119670,759,1
983,77,67,Male,20447,47993,3080,827,5
435,71,66,Female,15881,23350,19515,679,2
542,52,65,Female,14465,29496,49681,704,5
1090,59,66,Female,21005,42825,105122,850,5
60,47,64,Female,16703,34057,59247,655,4
287,42,73,Female,21178,43181,57199,710,3
1857,32,66,Male,47698,97248,197100,775,5
1291,43,64,Male,17101,34869,53381,699,2
408,58,62,Female,15371,31343,49537,741,3
173,63,62,Female,16665,30399,19404,668,4
1787,52,66,Female,28583,58278,51539,689,6
1800,62,55,Male,14038,9445,14856,641,2
438,32,66,Female,16691,34034,55846,633,2
1988,59,67,Male,53676,109440,180865,737,5
1143,20,61,Female,30587,62365,137710,606,1
1250,85,67,Female,15262,38499,1493,746,5
1767,21,65,Female,23355,47622,87054,709,2
1072,48,62,Female,19627,40017,75377,648,1
1841,28,71,Female,19805,40381,63008,730,3
1202,63,65,Female,0,4,0,691,3
235,32,67,Female,23874,48676,110589,721,4
1766,62,66,Male,9995,20377,12092,789,4
1702,53,68,Female,19851,40470,87086,691,5
1142,52,62,Male,38878,79272,107029,716,3
1653,42,63,Male,29261,59663,89579,681,1
1982,30,71,Male,34043,69412,64273,699,2
1423,23,55,Female,11204,22844,37625,689,1
48,69,63,Male,20993,16542,36831,733,3
1582,23,71,Female,29174,59479,69645,688,1
656,61,64,Female,25814,52633,137109,704,1
500,21,67,Female,15286,31167,29342,749,3
1862,25,65,Female,18568,37864,57052,686,1
1850,18,61,Female,16183,32998,45196,736,1
1808,31,69,Female,17329,35331,55566,697,4
277,46,68,Male,15568,31739,81905,799,5
1716,18,65,Female,12583,25654,55761,746,1
516,35,66,Male,16942,34542,35474,697,4
620,26,61,Male,16397,33437,56690,588,1
159,53,69,Male,13799,28134,20231,707,3
478,54,71,Male,35710,72807,0,803,3
772,62,65,Female,22599,46075,139335,741,3
1537,35,69,Female,17760,36213,48364,637,1
1429,62,66,Female,16459,33556,10619,799,4
1228,54,61,Male,23287,47482,59590,726,5
991,52,60,Male,18110,36927,54145,554,1
1249,18,65,Female,19681,40131,48468,721,1
1242,52,69,Female,14963,30509,56953,641,2
1759,87,69,Female,22270,33279,1642,778,6
1058,61,67,Male,17261,35196,51751,684,4
1730,52,65,Female,21642,44128,148684,739,3
1632,20,70,Female,22214,45292,88917,660,4
1224,42,66,Male,26224,53464,20683,751,4
1940,40,65,Female,13177,26865,19529,826,5
1132,18,69,Female,20392,41579,50190,694,2
895,46,70,Female,15515,31632,76538,832,3
1556,30,67,Female,23679,48277,110153,740,4
1025,19,62,Male,16393,33426,51699,664,4
1972,73,68,Female,9389,13089,10928,772,4
86,24,65,Male,11384,23212,25138,799,3
344,18,63,Male,24074,49084,106863,577,3
1189,63,68,Female,15490,31582,23359,693,4
921,74,66,Male,26072,54013,3628,779,8
393,41,64,Male,15884,32387,65171,765,1
1254,61,65,Female,16978,34619,13326,747,5
212,52,67,Male,13799,28137,88482,797,6
1262,56,68,Female,13723,27981,62926,717,3
122,65,66,Female,19237,39221,45409,786,4
1118,25,70,Female,40761,83104,222502,714,5
974,59,65,Male,23966,48867,92873,644,2
1274,49,61,Female,24260,49464,123198,705,6
1453,37,73,Female,17716,36122,51593,641,2
337,20,74,Male,22701,46284,46220,850,1
1023,49,69,Female,23879,48688,81995,679,1
1903,50,68,Female,35031,71427,115702,709,3
604,60,65,Male,34744,70840,52578,736,4
1637,32,66,Female,26878,54804,172493,687,2
1470,88,57,Male,13088,22371,994,700,4
1856,51,65,Male,18376,37467,50461,784,4
907,32,71,Male,30650,62492,18680,686,3
1923,42,67,Male,17222,35119,57463,850,3
674,63,66,Female,13805,28147,25987,756,7
1665,19,62,Male,31677,64585,121851,665,1
548,33,69,Male,14709,29996,44313,809,4
209,61,67,Female,14322,29206,25966,716,6
730,51,69,Male,41663,84944,57746,713,3
670,21,71,Female,11773,24006,57226,801,2
627,50,62,Male,22401,45674,83331,717,1
924,48,75,Female,19810,40392,52417,645,1
894,41,68,Female,19781,40334,65793,597,3
1633,36,65,Male,21053,42927,132343,687,4
1593,24,69,Male,18208,37122,58984,753,4
720,36,65,Female,9710,19800,40038,682,3
264,49,67,Male,21728,44303,53407,696,1
827,61,71,Female,15194,30984,39222,616,4
414,45,66,Female,55362,112875,44432,709,2
1439,28,65,Female,14406,29371,32300,715,2
843,35,64,Male,13891,28325,38658,822,6
1008,52,69,Female,22296,45462,68494,657,5
1834,32,66,Female,17444,35565,54634,681,3
1126,18,64,Male,20570,41940,82593,710,1
881,61,70,Female,28663,58433,48231,696,4
679,57,69,Male,16809,34272,39514,765,4
1333,18,69,Male,34974,71312,200793,741,4
398,49,69,Female,18344,37401,76201,737,4
151,18,65,Female,27916,56921,115330,823,1
106,52,60,Male,14691,29957,60321,624,5
1784,51,68,Male,21680,44206,62813,690,1
1924,47,57,Male,18730,38190,81968,652,1
671,37,66,Female,16689,34032,68762,769,2
1472,43,69,Male,17751,36189,16988,694,3
855,51,65,Male,11061,22557,63019,699,5
981,44,68,Male,27544,56163,104767,671,1
1030,44,71,Male,22050,44963,90682,705,4
384,20,68,Male,19200,39144,55347,702,1
80,82,67,Female,15090,21815,1597,498,5
1331,49,70,Female,24044,49026,83385,718,1
205,38,68,Male,19560,39882,77817,809,4
1048,59,63,Female,26422,53878,78143,779,4
1801,18,64,Female,15520,31644,70064,480,1
1490,30,69,Female,20522,41839,46226,761,4
818,54,66,Female,15318,31240,26005,770,5
1463,80,69,Female,14515,9766,66,732,4
1835,25,65,Female,16519,33682,42690,793,1
952,29,66,Male,62177,126775,28869,685,2
616,45,72,Female,17076,34817,63313,586,1
638,65,65,Female,25102,16889,38489,679,5
1366,25,63,Female,19617,40000,127951,767,3
443,31,71,Male,20592,41986,134162,697,1
336,23,65,Male,21642,44128,0,760,1
611,23,65,Male,28799,58721,135065,758,1
973,55,68,Male,12285,25051,19465,734,4
632,20,67,Female,14242,29040,36331,703,1
1918,45,67,Male,20782,42379,64124,550,1
1827,59,67,Male,22727,46341,78610,686,6
70,20,64,Male,31040,63292,145756,635,1
672,37,68,Male,11755,23967,3880,722,4
1461,41,72,Female,23559,48038,83238,704,6
510,27,65,Male,22549,45973,0,777,2
256,75,65,Male,19485,22850,17453,714,6
1410,22,63,Female,21017,42856,67954,571,1
574,22,66,Male,17478,35635,16372,713,4
1837,66,66,Female,11649,24947,1767,766,4
1974,74,57,Female,18058,31792,28723,647,3
30,23,59,Female,19119,38983,96098,577,1
1270,31,67,Female,35861,73117,73557,685,2
1815,59,66,Female,30403,61991,2151,758,4
805,19,65,Female,15790,32192,24074,686,2
464,36,64,Male,33078,67444,93513,850,1
1042,22,67,Female,22485,45846,103277,766,1
1579,81,70,Female,18881,28594,1821,728,5
830,29,71,Female,32943,67166,123932,688,2
465,47,72,Male,20581,41965,55700,724,2
1954,47,68,Female,23740,48406,80441,683,3
959,35,67,Female,50208,102369,189558,738,2
1049,66,67,Female,17893,36481,81550,850,6
1925,25,63,Male,29872,60910,110864,679,2
1088,49,65,Female,17158,34982,134631,765,3
14,79,57,Female,21314,32232,21134,652,5
162,37,69,Male,32423,66111,98102,771,5
1692,81,59,Female,74205,162709,5642,542,3
380,46,70,Male,18568,37857,57727,800,2
141,70,66,Male,17356,23082,23406,638,5
1348,83,64,Male,0,2,0,667,6
1256,37,68,Male,27589,56248,149587,728,4
1690,18,67,Female,15832,32281,80882,630,2
169,85,71,Male,14224,30451,93,686,4
1955,85,62,Female,16248,28134,2081,674,2
1807,47,65,Female,25537,52065,98613,828,5
102,32,67,Female,16289,33212,59638,649,1
257,52,65,Male,15239,31070,86747,708,4
911,18,68,Male,14500,29562,31509,757,1
987,52,67,Male,30179,61532,26832,683,4
101,18,62,Female,15095,30778,73680,681,1
1141,66,57,Male,15838,27266,19798,777,5
1682,57,69,Male,23910,48750,117616,716,5
481,18,67,Male,40694,82972,173295,653,1
978,21,62,Female,27603,56280,81803,760,1
1550,18,67,Male,24564,50086,51164,776,3
1162,22,69,Female,19076,38892,50150,705,2
172,47,66,Female,22153,45164,0,730,3
892,38,66,Female,25205,51391,94145,656,1
315,54,69,Male,20783,42379,136748,692,3
1739,49,62,Male,16673,33995,46102,531,1
836,18,65,Male,15775,32165,25778,689,1
39,54,67,Female,30281,61740,126015,583,2
155,86,69,Female,14383,9678,812,688,6
1305,46,73,Female,19115,38971,0,784,3
1504,85,71,Male,12187,12826,1550,734,5
1105,77,60,Male,14275,22104,20031,670,3
1761,23,71,Female,27548,56168,186534,703,3
215,18,65,Male,22223,45313,21488,716,2
948,53,65,Female,18205,37119,55010,718,5
862,25,67,Female,21032,42883,65917,807,3
1514,53,58,Female,18110,36925,89762,721,5
1698,32,64,Male,33338,67976,105337,747,3
1316,27,65,Female,16314,33266,0,693,5
1831,25,60,Female,19382,39520,61310,595,2
889,27,65,Male,25773,52550,140825,710,1
526,51,62,Female,31625,64481,114394,627,5
231,55,67,Female,17789,36270,73779,769,5
910,31,57,Male,37677,76820,159137,819,2
876,65,62,Male,22638,49817,26928,600,2
1509,67,71,Female,23096,47087,92489,820,5
1422,66,66,Female,18340,36052,6602,767,4
1400,29,71,Male,12474,25434,0,698,2
492,41,70,Male,18857,38450,51430,850,1
1516,38,67,Male,33758,68827,35669,755,2
1649,64,63,Male,0,399,323,729,3
1573,71,56,Male,12992,17775,11520,746,1
583,64,67,Male,14200,28954,41461,636,2
1811,83,67,Male,76725,82009,6229,764,8
1054,50,69,Male,22599,46077,135862,639,3
1678,36,65,Male,28557,58225,101148,685,3
333,20,64,Female,23298,47504,65156,706,1
1412,58,67,Female,26567,54166,0,707,5
177,54,66,Female,28570,58248,107130,728,4
390,30,70,Male,45143,92046,6658,681,2
1577,53,66,Male,19983,40745,18371,718,4
1609,71,68,Female,35563,87659,0,779,4
1762,29,64,Male,31184,63583,200435,635,1
917,58,66,Male,20059,40900,64420,678,3
1717,67,67,Female,17665,43070,14135,726,4
1355,54,67,Male,11703,23863,83430,536,2
1668,92,67,Male,26541,56099,933,751,6
1293,32,65,Female,24217,49374,108192,706,2
1597,20,66,Male,35188,71750,117124,697,3
202,20,66,Female,31920,65082,88347,850,1
493,18,65,Male,14245,29047,36835,786,1
361,43,68,Male,19153,39052,65861,804,4
1659,94,65,Female,28147,40787,1574,782,6
289,22,64,Female,11219,22876,36157,685,2
737,61,60,Female,18961,30359,16552,758,2
1733,47,66,Female,12814,26130,54290,498,1
278,59,66,Male,95039,193768,150896,686,5
618,32,67,Male,13632,27795,72318,701,4
753,53,66,Female,15540,31688,66776,605,3
489,36,66,Male,18024,36753,33657,684,4
90,63,62,Male,19018,12796,22192,644,3
1264,32,65,Female,15077,30737,35858,815,2
18,30,62,Male,31555,64340,94513,637,1
376,50,74,Female,28433,57975,34570,773,4
579,30,67,Male,19382,39520,53896,772,1
218,59,68,Female,16770,34190,39242,810,7
1320,28,64,Female,13002,26513,32620,604,1
42,78,66,Female,12672,8526,3723,684,3
1170,40,63,Female,20041,40867,50449,694,2
1531,34,62,Male,14514,29594,47766,792,1
1275,35,65,Female,11395,23238,31661,611,2
26,49,68,Female,20142,41071,124139,685,1
1937,65,62,Female,25350,17056,29112,667,5
1177,36,66,Female,31719,64672,56485,695,4
1032,62,60,Female,17301,26975,17212,673,2
397,30,65,Female,10016,20424,14743,770,3
566,60,67,Female,22680,46244,108449,814,5
1581,38,65,Female,21744,44334,55173,684,5
1332,63,68,Male,35269,71909,44190,712,3
1648,66,69,Female,91180,185909,461854,621,5
17,76,65,Male,17850,21867,21103,759,2
349,40,61,Female,21201,43229,96831,685,2
1200,64,64,Male,15401,24420,14460,685,1
228,54,66,Female,15524,31655,46405,623,1
484,84,64,Female,41665,66745,682,718,3
1099,22,65,Male,20214,41214,130538,763,1
1480,49,64,Male,24403,49756,70744,705,1
1449,66,63,Male,15334,28104,12054,751,3
1417,54,68,Female,25838,52680,87082,835,5
267,61,66,Female,13602,27733,21785,765,3
373,61,63,Male,10493,21397,54771,812,4
1772,47,70,Male,24603,50163,97188,761,4
1418,25,69,Female,13210,26939,69587,752,1
1774,52,69,Male,20662,42129,101742,758,4
964,48,66,Female,22278,45422,83940,689,4
72,37,66,Male,20305,41401,71180,580,1
6,19,63,Female,27394,55854,111042,782,1
1527,66,67,Female,24779,50523,98763,578,1
1433,73,67,Male,25381,48060,17440,581,3
1785,40,64,Male,12684,25861,42050,607,3
1476,29,66,Female,21916,44688,88092,716,3
455,41,69,Female,24412,49776,17352,684,3
1553,21,62,Male,42201,86042,165447,701,2
532,27,65,Male,23778,48484,63561,775,4
1092,54,62,Male,23450,47814,92020,720,2
1819,20,69,Female,17440,35559,59164,672,2
528,38,65,Male,19853,40478,76392,718,3
328,45,67,Male,17817,36323,65525,700,3
1282,34,66,Female,20231,41249,42268,695,2
783,62,61,Male,15966,29769,14542,693,3
1325,23,66,Female,150583,307018,516263,745,2
687,20,66,Male,17783,36264,99582,725,1
1693,36,69,Female,36300,74016,85204,702,2
1542,46,69,Female,27250,55565,34039,731,2
36,31,63,Male,24640,50242,84457,722,2
360,43,67,Male,22697,46278,51243,791,4
555,31,63,Male,21444,43724,53853,514,1
136,18,66,Female,31636,64504,69041,695,3
603,42,67,Female,21884,44624,102882,611,1
1794,49,58,Male,36852,75137,175263,631,1
329,70,65,Male,21191,36724,16437,701,4
1181,61,66,Male,25299,51581,35134,810,5
598,47,63,Male,21159,43144,54157,628,3
990,91,67,Female,16474,27150,2007,737,1
1777,47,67,Male,30622,62432,95799,741,5
998,18,67,Male,13739,28006,19518,703,2
1872,62,65,Male,33093,67470,93795,804,6
1743,18,75,Female,25658,52315,109513,774,4
1000,20,73,Female,26693,54424,92199,687,1
1708,22,66,Male,22195,45254,75758,850,2
799,34,68,Female,15461,31525,57818,686,2
144,44,67,Female,15857,32330,97190,835,4
781,30,74,Male,16670,33993,45149,602,4
1572,40,70,Female,9284,18935,43928,658,3
793,73,60,Female,21084,42593,16083,703,2
1681,21,72,Male,31909,65058,157708,746,1
1179,50,71,Female,24312,49570,43645,752,5
114,47,65,Female,16892,34441,907,725,4
271,30,65,Female,20649,42101,70460,685,1
1107,71,69,Female,18323,40516,6908,698,5
517,33,71,Male,11773,24009,19085,811,4
624,33,66,Male,18431,37579,59201,710,2
1215,53,68,Female,20673,42152,55576,751,1
1992,63,72,Female,11636,23725,47647,710,5
968,21,69,Female,14456,29475,48741,722,1
19,82,68,Female,23071,34903,1336,630,1
1605,39,67,Male,19293,39336,43747,690,3
463,32,74,Female,19744,40256,0,719,2
1365,18,65,Male,26752,54547,92901,751,1
809,54,66,Female,41979,85596,159101,618,1
590,37,66,Male,17198,35060,39104,724,2
1904,69,70,Male,15195,30983,10019,757,5
545,55,67,Male,22416,45707,113194,715,3
789,43,60,Female,24417,49788,83932,690,3
742,69,67,Female,24016,50753,20226,698,4
612,88,67,Female,18959,16296,667,838,7
536,21,62,Male,15242,31077,89659,789,5
523,27,65,Female,18877,38487,28032,773,4
928,59,66,Female,15862,32347,82667,784,7
1642,37,66,Female,19848,40470,41938,731,5
495,49,63,Male,18649,38028,79101,831,4
166,83,64,Female,17634,25567,1001,665,3
1277,33,65,Male,25429,51848,86951,692,1
718,48,63,Male,14263,29081,56301,655,3
1962,34,68,Male,45307,92375,156949,712,5
133,31,65,Female,30747,62692,50290,698,2
682,58,62,Male,17276,35229,60945,724,2
795,40,58,Female,37234,75918,94579,759,2
1849,39,66,Female,20345,41483,64098,721,2
1732,50,60,Female,26391,53810,78986,637,1
167,26,72,Female,18657,38036,0,743,3
1496,20,65,Male,23909,48747,171249,713,3
853,29,67,Female,36817,75070,161525,723,1
237,42,72,Male,28733,58584,99235,563,2
769,53,66,Female,19604,39974,77967,644,2
2,48,64,Male,13461,27447,80850,673,5
313,32,68,Female,16453,33548,31183,693,2
1624,23,74,Male,20697,42200,28557,769,2
958,18,65,Female,16413,33459,37753,705,3
989,78,66,Male,46175,113514,16524,727,8
1562,38,65,Female,12517,25524,69401,759,3
1983,50,67,Male,69236,141161,0,773,3
1091,32,66,Female,26431,53890,252106,656,4
759,60,65,Male,36563,74550,37427,687,4
779,81,69,Female,20874,32669,1433,755,5
105,54,68,Male,18432,37579,0,742,5
1618,53,66,Male,34646,70634,155651,682,4
1168,51,68,Male,53790,109673,242379,505,1
1237,46,66,Female,15770,32150,47179,717,6
699,42,68,Male,22308,45475,68358,698,3
646,38,65,Female,21402,43634,73037,786,3
499,23,66,Male,18525,37769,1412,742,2
1403,74,61,Male,25937,24545,22488,753,2
631,83,65,Female,17070,33811,2206,682,7
1070,61,65,Male,25275,51528,58509,745,6
291,64,66,Female,19818,40407,62695,793,3
738,57,67,Female,31377,63974,131731,707,4
142,59,68,Female,25399,51788,77642,675,2
1375,23,70,Female,35114,71590,60635,717,2
459,65,70,Male,12387,25257,83995,734,6
281,24,65,Male,18907,38549,35691,684,2
498,20,61,Male,22844,46580,91081,660,2
55,61,68,Female,21869,44583,85531,717,5
1370,62,66,Female,25949,52908,109229,709,4
897,30,64,Female,13238,26996,33332,501,2
262,18,60,Male,16005,32635,47930,734,3
1781,29,53,Male,17681,36050,45559,708,3
457,34,65,Female,17817,36324,56689,705,4
160,44,68,Male,18622,37965,69614,796,3
1655,57,63,Male,17094,34856,127313,830,3
984,63,66,Female,16150,32928,80794,850,5
1329,24,68,Female,13739,28011,20196,720,4
1535,59,64,Male,16336,33311,65822,590,2
1220,22,62,Female,17093,34852,53830,641,1
833,21,65,Female,21827,44501,37251,683,2
295,53,69,Male,14739,30054,60128,681,1
1434,62,67,Male,20055,40891,61245,717,4
208,37,66,Female,33226,67747,76650,804,3
1909,56,66,Male,13002,26510,53023,696,4
1356,84,70,Male,19196,26676,1370,733,5
265,44,70,Female,22314,45497,101549,713,3
1947,87,66,Male,14060,27971,1265,765,4
1089,31,75,Female,25258,51501,140481,729,3
1790,21,69,Male,55814,113797,169684,660,1
1999,19,69,Male,16744,34134,0,683,2
614,84,66,Female,20570,16430,2873,779,7
814,72,65,Male,15318,16302,14408,748,4
175,33,63,Female,26528,54091,165960,675,1
305,51,65,Male,14415,29388,21221,755,3
1225,54,70,Male,30819,62837,86171,850,3
1405,45,71,Male,23910,48755,37315,777,8
1478,39,66,Female,21829,44506,57994,849,3
1920,64,66,Male,15325,31244,51924,713,4
241,58,67,Female,15009,30605,16549,737,5
331,34,68,Male,14669,29907,16764,732,2
8,21,69,Male,18881,38497,33413,699,2
1354,34,59,Male,16349,33336,48213,692,3
1258,79,65,Female,19851,15470,15349,789,7
919,54,62,Female,33295,67890,112564,698,2
1447,33,60,Male,33714,68741,203172,610,1
902,31,64,Male,22081,45025,62719,635,1
1318,18,65,Female,22397,45664,0,778,4
1545,20,63,Male,15144,30882,60484,807,3
1001,20,62,Male,17795,36283,60989,716,1
1315,57,70,Female,15976,32576,0,753,4
323,54,66,Male,13093,26696,0,683,5
625,19,66,Female,23224,47350,47026,680,1
979,59,62,Male,16025,32678,44434,693,3
537,19,71,Female,31600,64428,122968,703,2
1096,59,67,Male,20294,41379,95988,681,2
1347,64,64,Female,23756,55418,20950,590,3
1395,58,65,Male,75378,153691,197377,604,2
1614,40,70,Female,17730,36152,81345,716,1
1212,33,58,Male,19605,39975,52575,810,1
1588,42,69,Male,28553,58223,128784,689,2
121,34,66,Female,22277,45419,124370,721,3
1773,22,70,Male,26420,53873,76960,742,1
1859,68,66,Male,22621,38689,8942,836,5
1339,25,70,Male,31600,64429,136163,773,2
1894,21,70,Female,23347,47602,89319,790,2
77,99,67,Female,25336,51110,3781,709,8
1222,42,66,Female,14094,28738,48786,600,1
363,52,66,Female,23878,48686,113137,701,3
634,49,74,Female,24071,49079,6494,683,4
628,57,66,Male,52517,107075,75999,815,3
756,66,65,Female,28466,59251,29300,679,1
971,20,66,Female,19899,40572,0,732,5
111,25,65,Female,14717,30004,67526,738,3
312,18,68,Female,23383,47672,115371,767,4
1627,29,65,Male,18424,37568,53323,825,1
1359,35,70,Female,22084,45025,49878,691,2
174,23,69,Female,21899,44644,83108,716,3
420,22,62,Male,16252,33140,51305,744,1
488,34,69,Male,15758,32126,54351,745,2
7,74,61,Male,20919,32682,21379,650,3
863,60,68,Female,16877,34406,1636,774,3
1854,48,69,Male,23706,48337,70603,625,2
1041,48,62,Female,15950,32522,50155,639,1
1616,48,70,Male,46232,94260,39326,815,4
1805,38,68,Male,13053,26613,17008,718,2
1284,50,64,Female,19591,39947,57346,765,2
1735,56,66,Male,17942,36583,56310,614,6
1528,78,73,Female,17311,27992,1058,695,6
1278,19,70,Male,13938,28417,25959,684,3
591,50,60,Male,18861,38458,65836,696,3
97,69,60,Female,19596,32952,5077,765,1
31,51,65,Female,22348,45570,0,712,3
1380,37,66,Male,20815,42444,77510,736,2
1240,56,67,Female,15603,31814,43140,693,3
932,67,69,Male,16760,34172,71366,811,6
378,18,60,Female,18753,38241,81833,596,1
647,31,72,Female,13194,26900,74083,758,2
391,85,66,Female,19025,35270,1769,731,6
588,21,66,Male,23106,47109,76035,844,3
986,32,70,Male,23550,48010,87837,703,3
1944,62,65,Female,24218,49378,104480,740,4
185,47,67,Female,15175,30942,71066,779,3
1007,66,60,Male,25336,54654,27241,618,1
1110,21,60,Female,32325,65909,181261,673,2
